3.1,16.99,0,1,0,7,1,4,0,0,2,0
0.5,23.01,1,0,1,33,0,4,0,0,2,0
1.6,26.96,0,0,0,41,0,4,0,0,0,0
2.2,30.12,0,0,1,18,1,2,0,0,1,0
2.0,21.21,0,1,1,11,0,1,1,0,2,0
2.4,30.56,0,0,1,24,0,3,0,1,0,0
3.8,23.2,0,1,1,36,0,0,1,0,0,1
1.0,23.36,1,1,1,35,0,1,0,1,0,1
1.5,25.73,0,0,1,51,0,1,1,1,0,0
0.6,31.22,0,0,0,17,0,2,1,0,0,1
3.0,24.39,0,0,1,27,0,4,0,1,2,0
1.6,20.08,1,1,1,25,0,0,0,1,0,0
0.7,27.33,1,0,0,44,1,3,0,0,2,0
0.2,17.97,0,0,0,27,0,0,0,1,0,1
1.0,26.71,0,1,0,44,1,0,0,0,2,0
1.4,16.28,0,1,1,37,0,3,1,0,2,0
3.5,22.58,0,1,0,11,1,3,1,0,0,0
3.1,19.81,0,0,1,40,0,3,1,0,1,1
3.3,19.6,1,0,0,30,0,1,0,0,1,0
0.0,26.38,0,0,1,23,0,4,1,1,0,0
0.4,27.36,0,0,0,5,0,4,0,0,1,0
3.2,24.09,0,1,0,29,1,4,0,0,0,0
3.3,27.42,0,0,1,15,1,2,1,0,2,0
3.4,31.71,0,1,0,24,0,1,1,0,1,0
0.6,19.57,0,1,1,6,0,2,0,1,2,0
3.5,25.88,0,0,0,8,0,1,0,0,1,0
1.4,26.08,0,1,1,28,0,1,1,0,0,1
3.8,19.68,0,1,0,8,0,1,1,0,0,0
1.7,19.87,0,1,1,51,0,3,1,0,2,0
1.1,25.75,0,0,1,48,0,3,1,0,2,0
1.7,21.07,0,1,1,44,0,0,0,0,1,1
0.9,21.53,0,1,0,45,0,4,1,0,1,0
1.0,25.19,0,1,1,11,1,3,1,1,0,0
0.9,29.55,1,0,0,10,0,2,1,1,0,0
0.6,18.42,0,0,1,17,1,3,0,0,1,0
0.7,24.78,0,0,0,6,0,4,1,0,2,0
3.6,17.03,0,1,0,16,0,4,1,1,2,0
3.0,24.63,0,1,0,25,0,2,1,1,0,0
0.4,19.16,0,0,1,51,1,1,1,0,2,0
2.5,19.24,0,0,0,54,0,0,0,0,1,1
1.7,20.64,0,1,1,31,0,0,1,0,0,1
1.2,16.98,0,0,1,11,1,0,0,0,1,0
0.6,31.0,1,1,1,28,0,0,0,0,0,1
1.2,30.77,0,0,1,55,0,1,0,1,0,0
1.1,20.84,0,0,0,29,0,3,0,1,1,1
1.1,19.46,0,1,0,38,0,1,1,0,1,1
2.4,22.81,0,1,1,50,0,2,1,0,2,1
1.3,28.14,1,0,1,11,0,1,1,1,2,0
1.6,17.85,0,1,0,36,0,0,1,1,0,0
0.4,27.84,0,1,0,32,1,1,1,0,1,0
2.1,30.24,0,0,0,44,0,0,1,1,0,0
1.7,28.17,1,1,0,29,0,0,0,0,1,0
3.9,28.31,0,1,0,6,0,0,0,0,1,0
1.6,31.81,0,0,1,11,0,2,1,0,1,0
0.6,27.18,0,1,0,17,0,1,1,1,2,0
1.8,23.17,1,1,1,19,0,0,1,1,0,0
3.5,26.65,0,0,0,39,0,0,1,1,0,0
1.6,22.73,0,0,0,7,0,1,1,1,2,0
1.2,21.52,0,0,0,48,0,3,1,0,1,1
2.4,18.68,0,1,0,26,0,1,0,0,0,1
1.2,25.75,0,1,1,16,0,1,1,1,0,0
1.6,23.46,0,0,0,7,1,1,0,0,2,0
0.9,18.05,0,1,1,45,0,4,0,0,2,0
0.5,29.81,0,0,1,8,0,2,1,0,0,0
1.2,24.69,0,1,0,49,1,3,0,0,1,0
1.6,28.23,1,0,0,45,1,0,0,0,1,0
2.5,25.35,0,1,0,52,0,2,0,0,0,1
3.9,26.77,0,1,1,26,0,0,1,1,1,0
2.7,17.7,0,0,0,34,0,0,1,0,1,1
1.8,25.58,1,0,0,20,0,2,0,1,0,0
2.5,28.42,0,1,1,36,0,3,0,0,0,1
3.9,25.54,0,1,1,39,0,3,0,0,1,0
1.5,21.42,0,1,0,24,0,0,0,0,2,1
2.1,26.25,0,0,0,47,1,4,0,0,1,0
2.3,29.19,0,0,1,45,1,2,1,0,0,0
0.5,18.89,0,0,0,43,0,0,0,0,1,1
2.3,31.52,0,0,1,32,0,3,1,1,2,0
1.1,18.69,0,1,1,8,1,4,0,1,2,0
3.7,24.64,0,1,1,5,0,1,0,1,0,0
4.0,17.64,0,0,0,48,0,4,0,0,0,0
2.0,16.49,0,0,0,9,0,3,0,1,1,0
3.4,31.25,0,1,0,6,0,4,0,0,2,0
1.7,19.98,0,0,0,28,0,0,1,0,0,1
3.9,16.64,0,0,1,20,0,2,0,0,2,1
2.9,28.4,0,0,1,54,0,4,1,0,0,0
3.6,21.08,0,1,1,7,1,4,1,0,2,0
2.4,17.17,0,1,0,54,1,2,0,0,1,0
3.2,21.89,0,0,1,8,0,0,1,1,0,0
2.6,18.5,1,0,0,7,0,3,0,0,1,0
2.1,20.46,0,0,1,35,1,1,1,0,2,0
0.2,22.75,1,0,1,12,1,4,0,1,1,0
0.4,29.28,0,0,0,29,0,2,0,0,2,1
0.5,24.54,0,1,1,44,0,4,1,0,1,0
2.4,18.41,0,1,1,47,0,4,1,0,0,0
2.2,24.3,0,0,1,23,0,1,0,0,2,1
2.1,16.7,0,0,0,20,1,3,0,0,0,0
0.6,23.72,1,0,1,10,0,0,0,0,0,0
3.3,22.44,0,1,1,54,1,4,0,0,2,0
3.9,26.39,0,0,0,19,0,1,0,0,2,0
2.0,19.46,0,1,1,31,0,0,1,0,1,1
3.0,28.09,0,1,0,34,0,4,0,0,2,0
3.7,29.05,0,0,1,48,0,2,0,0,1,0
2.6,23.31,0,0,0,30,0,2,1,0,2,1
2.3,25.4,0,1,1,38,0,0,0,1,2,1
3.8,20.34,0,0,0,9,0,2,1,0,1,0
2.9,23.21,0,1,1,35,0,3,0,0,1,1
3.3,31.88,0,0,0,7,0,2,0,0,2,0
1.1,21.14,1,0,1,41,0,1,0,0,1,1
1.1,18.63,0,0,0,49,0,0,0,0,1,1
0.9,25.98,0,1,0,33,0,0,1,1,0,0
1.6,24.46,1,1,0,16,0,0,1,0,2,0
0.5,21.76,0,1,0,55,1,3,0,0,0,0
3.1,25.24,0,0,0,35,0,0,0,0,2,0
0.4,17.11,0,1,0,45,1,3,0,0,2,0
2.8,18.79,1,0,1,50,0,1,0,0,0,0
2.7,27.18,0,0,0,46,0,1,1,0,0,1
1.7,30.84,0,0,0,26,1,1,1,0,0,0
0.5,29.21,0,1,1,25,1,0,0,0,2,0
1.7,19.98,1,0,1,29,1,4,0,0,0,0
1.9,26.97,1,1,1,30,0,2,0,0,1,0
1.3,26.74,0,1,1,7,0,3,0,0,0,0
1.6,28.46,0,0,0,9,0,3,0,0,0,0
0.7,20.14,0,0,0,11,0,1,1,0,2,0
0.2,27.62,0,0,0,6,0,1,1,0,1,0
0.3,24.55,0,0,1,23,0,0,1,0,0,1
3.2,19.81,0,1,0,47,0,4,0,0,2,0
1.9,28.95,0,0,0,24,0,1,1,0,0,1
2.3,30.7,0,0,1,43,0,3,0,1,2,0
3.9,21.18,0,0,1,52,1,4,1,0,1,0
2.3,28.14,1,1,0,6,0,0,0,0,2,0
3.9,19.27,0,0,1,28,1,3,1,0,2,0
2.7,16.78,0,0,1,14,0,0,0,1,0,0
3.8,19.8,0,1,1,34,0,2,1,0,0,1
1.2,19.27,0,1,1,34,0,3,0,0,0,1
2.0,24.27,1,1,1,15,0,3,0,1,2,0
3.2,22.39,0,0,1,13,0,3,0,1,0,0
0.1,18.27,0,0,0,52,0,4,1,0,1,0
0.9,29.9,0,0,0,53,0,4,0,0,0,0
0.3,26.94,0,1,0,35,1,0,1,1,1,0
2.7,25.41,0,0,1,23,1,1,0,0,1,0
1.1,24.62,0,1,1,19,0,3,0,0,0,1
0.5,30.56,0,0,1,11,0,3,1,0,2,0
3.3,29.53,1,0,1,25,0,2,0,0,0,0
2.6,29.82,0,0,1,44,0,0,1,0,1,1
3.8,29.56,0,1,1,38,1,3,0,0,0,0
2.1,18.44,0,0,1,9,0,2,1,0,2,0
2.3,16.81,0,1,0,15,0,1,1,0,1,1
1.4,19.87,0,1,0,38,0,0,0,0,0,1
1.8,19.49,0,0,0,48,0,0,0,0,1,1
2.9,26.14,0,1,1,22,0,2,0,0,2,1
3.6,16.44,0,1,1,13,0,3,0,0,1,0
1.7,21.81,0,0,1,45,0,0,1,0,0,1
3.0,16.19,0,1,0,47,0,2,1,0,2,1
0.2,30.72,0,1,0,23,0,0,0,0,2,1
1.2,24.92,0,0,1,25,0,0,0,0,0,1
1.6,24.72,1,1,0,38,1,4,0,1,2,0
3.4,24.67,1,0,0,25,0,1,0,0,0,0
0.2,30.57,0,0,1,36,0,4,0,0,0,0
2.8,19.13,0,0,0,20,1,3,0,0,2,0
1.0,21.16,0,0,0,17,0,2,1,1,2,0
3.9,25.58,0,1,0,15,0,1,0,0,1,0
2.4,21.84,0,1,0,39,0,4,0,0,2,0
3.3,18.02,0,0,0,54,0,1,0,1,0,1
3.9,29.78,1,0,0,47,0,0,0,0,0,0
2.5,23.22,0,1,0,31,0,0,0,0,1,1
0.1,16.42,1,0,1,16,0,3,0,0,0,1
2.1,16.87,0,1,1,16,0,1,1,0,1,1
3.6,29.54,1,0,0,26,1,4,1,0,0,0
3.1,17.13,0,0,1,6,0,2,0,0,0,0
0.1,26.49,0,0,1,5,0,1,1,1,1,0
3.9,16.43,0,0,1,23,1,4,0,0,0,0
1.3,26.92,1,0,1,14,0,2,1,0,0,0
1.2,27.81,0,1,1,40,0,4,0,0,0,0
0.0,21.57,0,0,1,19,0,1,0,0,0,1
0.8,28.26,0,0,1,21,0,1,1,1,2,0
1.0,25.21,0,1,1,50,0,4,0,0,1,0
1.9,18.71,0,1,1,31,0,1,0,0,2,1
0.5,17.46,0,0,0,6,0,3,1,0,1,0
3.5,30.4,0,0,0,13,0,4,1,1,2,0
1.2,19.17,0,1,1,52,0,2,0,0,1,1
1.3,20.71,1,0,1,8,0,3,0,0,1,0
1.2,18.63,0,0,0,15,0,1,0,0,1,1
0.9,19.05,1,1,1,50,1,0,0,0,2,0
1.2,29.31,0,1,0,20,1,1,1,0,0,0
3.1,18.86,0,1,0,34,0,1,1,0,2,1
2.3,20.68,1,1,0,48,0,3,1,0,0,0
3.0,20.7,0,0,1,16,0,3,0,0,2,0
3.2,22.62,0,1,0,21,0,0,1,1,2,0
3.7,18.25,0,1,0,47,0,3,1,0,2,0
0.9,22.34,1,1,0,30,0,2,1,0,1,1
2.6,29.09,0,1,1,36,0,0,1,0,1,1
1.5,18.75,0,1,0,5,0,1,1,0,0,0
0.8,17.22,0,0,1,30,0,2,1,1,1,0
0.8,19.09,0,0,1,15,0,0,0,0,2,1
2.3,25.14,1,0,1,16,0,0,1,0,2,0
1.5,26.6,0,0,1,17,0,4,1,1,0,0
3.9,21.15,0,0,1,55,0,1,0,0,0,1
1.6,28.43,0,0,1,54,1,0,1,0,1,0
0.2,19.62,0,0,1,25,0,4,0,1,0,0
2.9,26.75,0,1,1,6,1,1,0,1,1,0
1.5,22.41,1,1,0,28,0,1,1,0,2,1
3.6,23.13,0,1,1,49,0,2,0,0,0,1
0.9,31.01,0,1,1,29,0,3,1,1,1,0
2.9,21.53,0,0,0,22,0,1,0,0,1,1
1.4,17.46,0,0,0,5,0,0,0,0,1,0
3.9,21.57,0,0,1,24,0,0,0,1,0,1
1.5,25.91,0,1,0,31,0,4,0,0,0,0
2.1,24.51,0,1,0,50,0,0,0,0,2,1
3.9,26.71,0,0,0,24,0,1,1,1,0,0
1.5,31.0,0,0,1,50,0,1,1,0,0,0
1.5,31.3,0,0,1,44,1,1,0,1,0,0
2.1,30.41,0,1,1,27,1,0,1,0,0,0
2.0,29.52,0,0,0,38,1,1,0,0,2,0
3.4,24.07,1,1,0,41,0,3,0,0,1,0
2.6,27.45,1,1,0,43,0,0,1,0,2,0
0.5,21.89,0,0,1,16,1,1,1,0,1,0
3.4,19.55,1,1,0,46,1,3,0,0,2,0
3.3,16.09,1,1,0,18,0,0,1,1,1,0
3.2,30.63,0,1,0,5,0,4,1,1,1,0
1.3,31.79,0,0,1,9,0,2,0,0,2,0
3.0,22.08,0,0,1,50,0,4,0,0,2,0
1.7,24.72,0,1,0,44,0,1,0,0,1,1
3.7,21.62,0,1,0,27,0,0,0,1,0,1
1.8,27.76,0,0,0,8,1,1,0,0,2,0
3.6,23.91,0,0,0,9,0,1,1,1,0,0
3.4,30.78,0,1,1,10,0,4,0,0,0,0
2.5,23.26,1,0,0,44,0,4,1,0,2,0
1.3,30.16,1,1,0,36,0,0,0,0,0,0
1.4,21.44,1,0,0,48,0,0,0,0,1,1
0.5,17.71,0,0,1,16,1,2,1,0,2,0
0.2,27.57,0,1,0,21,0,0,1,0,1,1
1.3,30.25,1,1,1,50,0,4,0,0,1,0
2.9,28.75,0,0,1,16,0,4,0,0,2,0
2.5,21.18,0,1,0,40,0,3,0,0,1,1
1.1,23.25,0,1,1,33,0,2,0,1,1,1
1.6,28.52,0,0,1,54,0,1,1,1,0,0
1.0,21.67,1,0,1,8,0,4,0,1,2,0
3.8,24.55,0,1,1,21,0,3,0,1,0,1
2.8,28.88,0,0,0,45,1,1,0,0,0,0
0.3,19.61,1,0,1,53,1,3,1,0,1,0
0.4,17.05,0,0,1,47,0,1,0,0,0,1
3.3,27.88,0,0,0,19,0,4,1,1,1,0
3.5,23.06,0,0,0,55,0,1,0,0,0,1
1.1,18.36,0,1,0,17,0,0,1,0,1,1
3.5,21.35,0,0,1,25,0,4,1,0,0,0
1.4,25.57,0,0,0,41,0,2,1,0,0,1
1.4,25.24,0,1,0,16,1,1,0,0,2,0
3.9,30.28,1,1,1,13,0,2,1,0,1,0
3.1,24.25,0,0,1,13,0,2,0,0,2,0
3.1,27.35,0,1,1,48,0,4,1,1,0,0
3.7,17.77,0,0,0,10,0,3,1,0,1,0
3.5,19.56,0,0,0,44,0,3,1,0,1,1
3.6,31.18,1,0,1,39,0,2,1,0,0,0
1.6,21.84,0,1,0,22,1,2,1,0,2,0
2.6,21.94,1,1,0,8,0,2,1,0,1,0
1.9,26.32,0,0,1,15,0,0,0,0,2,1
2.7,26.42,0,0,1,53,0,1,1,0,0,1
3.4,23.79,0,0,0,14,0,3,1,0,0,0
1.0,18.56,0,1,0,42,0,4,0,1,0,0
3.5,29.66,0,1,0,8,0,1,0,0,2,0
2.0,29.05,1,0,0,43,0,2,1,1,1,0
1.2,24.17,0,0,1,31,0,0,1,0,0,1
1.3,28.78,1,0,0,18,0,2,0,0,1,1
2.1,19.68,0,1,1,7,0,3,1,0,2,0
0.2,20.56,0,1,1,33,0,1,1,1,1,0
1.0,21.79,0,1,0,26,0,4,1,0,0,0
1.3,16.9,0,0,0,25,0,2,1,0,2,1
0.7,18.79,0,0,0,39,1,2,0,0,0,0
0.1,30.3,0,1,1,10,0,1,1,1,1,0
3.8,26.89,1,1,0,35,0,1,0,0,1,0
0.0,28.91,1,1,0,25,0,4,0,0,0,0
2.2,27.09,0,0,0,48,0,1,1,0,1,1
2.4,17.94,0,0,1,17,0,4,1,0,0,0
1.6,27.35,0,1,1,44,0,2,1,0,0,1
0.7,26.95,0,0,0,9,0,1,1,0,1,0
0.9,24.22,0,0,1,32,0,1,1,0,0,1
3.1,21.56,1,0,1,38,0,2,0,0,2,0
0.5,28.54,0,1,1,23,0,1,1,0,1,1
0.3,17.26,1,1,0,6,0,4,0,0,1,0
3.6,31.14,0,1,1,9,0,3,0,1,2,0
0.1,17.64,0,1,1,46,1,0,1,0,2,0
0.7,31.84,0,0,1,52,0,3,1,0,0,1
0.5,25.71,0,0,0,46,0,2,0,0,2,1
3.2,28.52,0,0,1,8,0,4,0,0,1,0
2.4,21.49,0,0,0,34,1,2,0,0,0,0
0.8,17.59,0,1,0,32,0,0,0,0,2,1
3.8,31.9,0,0,0,40,0,1,0,0,2,0
0.4,23.84,0,0,0,17,0,4,1,0,2,0
3.3,29.41,0,0,1,13,0,4,1,0,2,0
1.2,28.48,0,0,1,24,1,1,1,0,2,0
4.0,18.32,0,0,0,55,0,4,0,0,1,0
1.6,25.02,1,0,0,5,1,2,1,0,1,0
1.2,23.68,0,1,0,27,1,3,0,1,2,0
0.6,27.64,0,1,1,44,0,0,1,0,0,1
3.8,27.0,0,1,1,48,0,3,0,0,2,0
4.0,23.57,0,1,0,44,0,3,0,1,1,1
0.0,29.54,0,0,1,10,0,3,0,0,1,0
1.2,22.1,0,1,1,45,1,0,0,0,1,0
3.8,19.44,0,1,0,23,0,4,1,0,1,0
2.5,17.03,0,1,1,52,0,1,0,1,0,1
2.4,31.68,1,1,1,15,0,4,1,1,2,0
0.9,16.14,0,1,1,46,1,2,1,0,1,0
0.3,25.33,0,1,1,34,0,2,1,0,0,1
0.9,22.7,0,1,1,13,0,0,1,0,0,0
2.4,30.77,0,0,1,40,1,4,1,0,2,0
0.4,22.39,0,0,0,26,0,0,0,0,0,1
2.1,29.35,0,1,1,19,1,0,1,0,2,0
1.3,28.39,1,0,0,26,0,2,0,0,2,1
3.1,26.75,0,0,0,38,0,3,0,0,1,0
3.3,19.47,1,0,1,37,0,1,0,0,2,0
0.3,29.52,0,1,1,13,1,2,0,0,0,0
1.3,30.07,0,1,0,35,1,3,0,0,2,0
0.0,30.1,0,1,1,36,0,4,1,0,0,0
0.9,23.72,0,0,0,11,0,2,0,0,2,0
2.8,21.99,1,0,0,53,0,0,1,0,0,0
2.7,17.78,0,0,1,17,0,4,0,0,2,0
3.3,26.63,0,0,1,28,0,0,0,0,1,0
0.0,24.41,1,1,0,22,0,2,0,1,2,1
3.2,31.88,0,0,1,15,1,4,0,0,1,0
2.0,19.23,0,1,1,32,0,2,1,0,0,1
2.8,26.52,0,0,1,24,1,2,0,1,1,0
1.5,17.43,0,0,0,34,0,0,1,0,0,1
0.3,28.01,0,1,0,9,0,2,0,0,2,0
3.6,26.97,0,1,0,18,0,0,1,1,1,0
3.5,23.43,0,1,1,17,0,0,0,1,2,1
1.3,26.02,0,0,0,9,1,4,0,0,1,0
0.6,20.78,0,0,1,26,0,4,0,0,1,0
3.3,26.94,0,0,0,40,0,2,1,0,0,0
1.4,21.41,0,1,0,49,0,3,0,0,1,1
2.9,21.19,0,0,1,54,1,0,1,0,1,0
2.6,27.65,1,1,0,37,0,3,1,1,2,0
3.6,25.15,0,0,1,19,0,1,1,0,2,0
0.2,29.13,0,0,1,43,0,0,0,0,2,1
2.3,18.55,0,0,0,20,0,1,0,0,2,1
0.2,30.22,0,1,0,30,0,3,0,0,1,1
3.8,29.82,0,0,1,8,0,2,1,0,2,0
1.3,25.07,0,1,0,51,0,1,0,0,1,1
1.1,21.4,0,0,0,35,1,4,0,1,1,0
1.8,31.16,0,0,0,25,1,3,0,0,1,0
2.6,26.38,0,1,0,44,1,3,1,0,0,0
1.2,16.24,0,1,1,37,0,4,0,0,1,0
1.4,22.72,0,1,0,23,1,0,1,1,2,0
1.7,27.46,0,0,1,48,1,4,1,0,2,0
1.4,29.11,0,1,1,39,0,1,0,0,1,1
0.4,25.34,0,0,0,17,0,4,0,0,1,0
1.4,23.18,0,0,1,51,0,1,0,1,0,1
0.2,27.13,0,0,0,30,0,4,1,0,2,0
1.6,16.15,1,0,0,38,0,1,1,0,2,0
2.8,23.93,0,1,0,35,1,2,0,0,2,0
1.2,30.52,1,1,0,26,0,2,1,1,0,0
0.6,18.65,0,1,0,38,0,2,1,0,1,1
1.7,26.59,1,1,0,55,0,1,1,0,0,0
1.4,31.21,0,0,1,49,1,1,1,0,1,0
1.0,24.93,0,1,0,35,0,1,0,1,0,1
0.1,29.49,0,0,1,12,0,3,1,0,0,0
3.3,16.58,0,0,0,25,0,0,1,0,0,1
1.8,20.28,0,1,1,41,0,1,1,0,2,1
1.1,28.2,0,1,1,54,0,2,0,0,0,1
3.1,20.68,0,1,1,17,1,3,0,0,0,0
3.8,20.0,0,0,0,44,1,1,0,0,2,0
1.4,16.63,0,0,1,41,0,2,1,1,1,0
2.0,23.72,0,0,0,15,0,4,0,0,0,0
3.3,30.65,1,1,1,25,0,2,1,1,1,0
1.1,30.49,0,1,0,46,1,3,0,0,1,0
0.6,27.75,0,0,1,47,0,1,0,0,1,1
0.6,19.21,0,0,1,10,0,2,1,0,1,0
0.8,17.42,1,0,1,16,1,1,0,0,2,0
3.4,20.77,0,1,0,26,1,3,1,0,2,0
1.1,31.68,0,0,1,16,0,4,1,0,0,0
1.9,27.18,0,1,1,8,0,3,1,0,2,0
2.6,25.55,0,1,1,15,0,2,0,0,0,1
0.9,31.46,0,1,0,9,0,0,0,0,0,0
3.7,18.75,0,1,0,12,0,0,0,0,0,0
1.4,18.08,0,1,0,44,1,2,1,1,0,0
3.6,24.69,0,1,0,25,1,3,0,0,2,0
1.4,21.18,0,0,1,38,1,2,0,0,2,0
3.1,30.86,0,0,1,25,1,2,1,0,0,0
3.8,26.93,1,1,1,34,0,1,0,0,0,0
1.1,21.18,0,1,0,48,0,3,0,0,0,1
1.4,30.22,1,0,1,20,0,1,1,0,0,0
2.8,27.05,0,1,0,33,0,4,0,1,0,0
0.5,21.42,0,0,0,30,0,4,0,1,2,0
0.7,16.36,0,1,1,43,0,2,0,0,0,1
2.4,23.75,0,1,1,33,0,3,0,0,1,1
2.6,29.26,0,1,0,33,1,0,0,0,2,0
3.8,30.75,1,1,0,13,1,3,1,1,0,0
0.7,22.11,0,1,1,36,0,0,0,0,0,1
2.9,20.02,0,0,0,33,0,3,0,0,0,1
1.0,27.33,0,1,1,16,0,2,1,0,0,1
1.6,26.91,0,0,0,36,0,4,0,1,0,0
3.8,23.11,0,1,1,20,0,1,0,0,1,1
1.2,16.09,1,0,0,43,0,3,1,0,2,0
0.9,22.83,0,1,1,19,1,0,1,0,1,0
1.4,16.51,0,0,1,31,0,2,1,0,0,1
3.8,19.1,0,1,0,10,0,1,1,0,2,0
1.2,28.97,0,1,0,26,1,2,1,0,0,0
3.5,22.85,0,0,1,54,0,4,1,1,2,0
0.2,25.15,0,0,1,38,0,2,1,0,2,1
0.0,23.86,1,1,0,5,0,1,0,0,2,0
0.1,16.42,0,0,0,9,0,2,0,0,2,0
2.5,21.4,0,1,1,17,0,3,1,0,1,1
0.2,21.36,0,1,1,30,0,1,1,0,0,1
0.1,31.13,0,0,1,7,0,1,0,0,0,0
2.4,20.57,1,0,0,12,0,4,0,0,1,0
2.7,28.87,0,1,1,31,0,4,1,0,0,0
1.7,24.33,1,1,0,22,0,1,0,0,2,0
3.2,24.33,0,1,0,12,0,4,1,0,1,0
3.9,25.67,0,0,1,43,0,4,1,0,1,0
0.0,19.53,0,1,0,23,0,4,1,0,2,0
2.1,27.94,0,1,0,12,0,0,0,0,0,0
3.3,30.83,0,0,1,8,0,2,1,0,1,0
2.9,21.35,0,0,1,12,0,2,0,0,1,0
2.7,22.51,0,1,1,42,1,3,0,0,1,0
0.9,25.91,0,0,0,26,0,3,0,0,0,1
2.5,26.85,0,0,1,10,0,2,1,0,2,0
2.3,28.38,0,0,0,38,1,4,1,0,0,0
3.6,16.1,0,0,0,35,1,1,0,1,1,0
3.3,16.85,0,1,0,36,0,3,1,1,1,0
3.7,17.92,0,1,0,16,0,4,0,0,2,0
1.1,19.26,1,1,0,8,0,4,1,0,2,0
1.0,31.94,0,0,1,5,0,2,0,1,2,0
3.5,29.8,0,0,1,5,0,0,1,1,1,0
1.3,25.8,1,1,1,13,0,0,0,0,1,0
2.3,29.66,0,1,0,28,0,4,0,0,2,0
2.4,27.85,1,1,0,17,1,3,0,0,2,0
1.8,20.76,0,1,0,22,0,1,1,0,1,1
2.8,17.18,0,1,1,8,0,4,1,0,1,0
1.0,23.01,0,0,0,46,0,3,0,0,0,1
0.2,19.32,0,0,1,40,1,0,1,0,0,0
1.1,28.84,0,1,1,32,0,4,1,0,2,0
3.1,28.89,1,1,0,51,1,1,0,0,0,0
3.4,17.2,0,0,1,25,0,1,0,0,0,1
3.4,22.18,0,0,0,30,1,0,1,0,0,0
2.9,29.68,0,0,0,19,0,1,0,1,0,1
2.6,19.83,1,0,1,10,1,3,1,1,1,0
0.2,25.68,0,0,1,13,0,3,1,0,2,0
3.9,22.2,1,0,1,22,0,4,0,0,2,0
3.8,20.66,1,0,1,41,1,0,1,0,1,0
3.4,16.8,0,1,1,8,0,4,0,0,0,0
2.3,31.55,0,1,1,48,1,0,1,0,0,0
2.6,27.74,0,1,0,19,0,0,1,1,2,0
1.0,17.33,0,0,0,15,0,0,1,0,2,1
0.8,24.36,0,0,1,23,0,2,0,0,0,1
3.9,24.65,0,1,1,55,1,3,0,0,2,0
2.8,16.45,0,0,0,15,1,0,0,1,1,0
0.8,20.79,0,1,0,25,0,2,0,0,1,1
0.6,24.12,1,1,1,35,0,1,1,0,2,1
3.6,26.12,0,1,0,6,0,4,0,1,2,0
1.1,19.74,0,0,1,53,0,1,0,0,1,1
0.4,22.17,0,0,0,15,0,2,0,0,1,1
1.7,24.86,0,1,1,42,0,3,0,0,0,1
1.1,29.01,0,0,1,34,0,4,1,1,1,0
0.0,28.55,0,1,1,15,0,3,0,0,0,1
0.5,28.84,0,1,0,11,0,2,1,1,0,0
2.1,31.83,0,0,0,6,0,0,0,0,0,0
2.8,28.57,0,0,0,44,0,3,1,0,0,1
2.8,24.26,1,0,0,47,0,3,0,0,0,0
3.0,16.98,1,1,1,9,0,3,1,0,1,0
1.6,25.59,1,1,0,28,0,1,1,0,1,0
3.3,25.29,0,0,0,17,1,4,0,0,2,0
0.3,28.77,1,0,0,18,0,2,1,1,1,0
3.4,23.82,0,0,0,24,0,2,0,1,0,1
1.9,23.15,0,0,0,14,0,3,0,0,0,0
3.7,18.74,0,1,1,11,0,0,0,0,0,0
3.1,28.57,0,0,1,39,0,1,0,0,0,0
2.3,29.23,0,0,1,17,0,4,1,0,2,0
1.4,30.03,1,1,0,17,0,4,1,0,2,0
3.6,22.42,0,0,1,33,1,0,1,0,1,0
1.8,16.11,0,1,0,16,0,4,1,0,0,0
1.3,20.79,0,1,1,47,0,2,0,0,2,1
0.7,28.91,0,0,1,15,1,3,0,0,0,0
0.3,23.58,0,1,0,17,0,4,0,0,1,0
1.5,21.4,0,1,0,46,0,4,1,0,2,0
0.3,22.55,0,0,0,41,0,2,0,0,0,1
3.2,29.39,0,0,0,18,0,3,0,0,1,0
1.9,31.54,0,1,0,47,1,0,0,0,1,0
3.9,23.43,0,0,0,49,0,4,0,1,1,0
0.6,27.91,1,1,1,36,0,0,0,0,0,1
4.0,30.64,0,0,0,5,0,2,1,0,0,0
0.4,20.58,1,0,0,42,0,3,0,0,1,1
2.0,29.4,1,0,1,16,0,0,1,0,1,0
1.7,29.29,0,1,0,32,0,0,0,0,2,1
0.1,24.25,1,1,1,19,0,3,1,0,1,1
0.6,21.94,0,0,1,51,1,1,1,1,0,0
0.1,31.67,0,0,0,52,0,4,0,0,2,0
1.6,28.76,0,1,0,30,0,3,0,0,0,1
0.6,28.91,0,1,1,23,0,4,1,1,1,0
3.0,20.6,1,0,0,17,0,3,1,0,0,0
3.3,31.06,0,1,0,49,0,2,1,0,1,0
0.2,31.77,0,1,0,32,0,0,1,0,2,1
1.5,21.69,0,1,1,26,0,0,0,0,2,1
2.4,21.07,0,1,1,9,0,1,0,0,1,0
2.9,30.31,0,1,1,43,0,1,1,0,0,0
2.4,18.74,0,1,0,28,0,1,1,0,2,1
2.9,22.39,0,1,0,28,0,3,0,0,1,1
2.1,22.77,0,0,0,23,0,3,0,1,1,1
0.6,29.41,0,0,0,14,0,2,0,0,2,0
3.8,17.41,0,1,0,12,0,2,0,0,1,0
0.1,31.46,0,1,0,25,0,2,1,0,0,1
2.1,19.85,1,1,0,33,1,2,0,0,0,0
2.0,18.21,0,1,0,46,0,1,1,0,0,1
1.9,16.98,0,1,0,18,1,4,1,0,1,0
2.0,26.94,0,1,0,51,0,1,1,0,1,1
2.8,23.53,0,0,1,46,1,4,0,0,1,0
0.5,21.64,0,1,0,46,0,2,1,1,1,0
3.7,22.38,0,0,1,34,0,0,0,0,2,1
1.6,30.98,0,1,1,53,0,4,1,0,2,0
0.9,25.36,0,0,0,19,0,1,1,0,2,1
0.8,27.82,0,1,1,39,0,1,0,1,2,1
1.1,21.47,0,0,0,37,0,2,1,0,0,1
1.5,23.19,1,1,0,6,1,2,0,0,1,0
3.7,19.68,1,0,0,45,0,3,1,0,1,0
2.9,30.06,0,1,1,22,1,1,0,1,0,0
3.1,31.11,1,1,0,44,0,4,0,0,1,0
3.3,27.8,0,0,1,47,0,4,0,1,1,0
0.9,20.42,0,0,1,44,1,2,1,0,1,0
3.3,21.29,1,1,0,49,0,0,0,0,0,0
1.7,16.94,0,0,0,40,0,0,1,1,1,0
3.4,25.21,0,0,1,38,0,2,0,0,1,0
3.0,20.42,0,0,0,10,1,0,0,0,1,0
3.1,16.04,1,1,0,51,0,2,0,0,1,0
2.1,21.06,0,1,1,35,0,4,1,0,1,0
0.6,22.67,1,0,0,48,0,1,1,0,2,1
3.4,20.46,0,0,1,35,0,4,1,0,1,0
0.5,22.26,1,0,1,36,0,2,1,0,0,1
1.4,29.76,0,1,1,53,0,4,1,1,2,0
1.4,29.11,0,0,1,13,0,2,0,0,2,0
3.3,31.95,0,1,1,26,1,0,1,1,1,0
4.0,21.57,0,0,0,53,0,1,1,0,2,1
0.6,31.49,0,1,1,55,1,2,1,0,2,0
2.5,23.71,0,0,1,40,1,0,0,1,1,0
1.6,31.09,0,0,1,24,0,4,0,1,2,0
2.9,23.95,0,0,0,31,0,2,1,0,2,1
2.5,30.84,0,1,1,13,0,0,0,0,0,0
0.6,18.97,0,1,0,43,0,0,1,0,1,1
2.8,28.89,0,0,0,5,0,1,1,0,0,0
2.2,31.11,1,0,0,17,0,0,0,0,2,0
2.3,26.73,0,0,0,8,0,0,1,1,2,0
0.2,18.08,0,1,1,21,0,1,0,0,0,1
3.6,26.19,0,0,1,37,1,3,0,0,0,0
2.9,28.7,0,1,0,26,0,1,0,1,1,1
0.2,29.63,0,0,1,23,0,0,1,0,0,1
0.2,24.22,0,1,1,10,0,3,1,1,2,0
3.0,28.22,1,0,1,39,0,3,0,0,2,0
1.8,23.06,1,0,1,9,0,4,0,0,1,0
3.6,25.99,0,0,0,7,0,0,1,0,0,0
3.6,20.5,1,1,0,44,0,2,0,0,0,0
1.5,22.79,0,0,0,32,0,1,1,0,2,1
1.8,27.21,0,0,1,8,0,3,1,1,0,0
0.0,30.25,1,0,1,9,1,3,0,0,0,0
0.6,19.02,0,1,1,38,0,4,0,0,0,0
1.8,16.13,0,0,1,11,1,4,1,1,0,0
1.9,17.39,0,1,0,10,0,3,0,0,1,0
2.7,26.24,0,0,0,26,0,3,1,1,2,0
2.3,20.36,1,1,1,53,0,0,0,1,2,0
1.9,25.18,0,1,1,37,0,3,1,0,1,1
2.9,29.04,1,0,0,11,0,2,1,0,1,0
3.5,31.26,0,1,0,42,0,3,1,1,2,0
1.9,21.11,0,0,0,38,0,1,0,0,1,1
3.1,16.47,1,0,1,47,0,3,0,0,2,0
2.4,25.44,1,1,1,30,0,0,0,1,1,0
3.1,30.42,0,0,1,31,0,2,1,0,2,0
2.0,22.95,0,0,1,54,0,4,0,0,2,0
3.6,20.64,0,1,1,18,1,1,1,1,0,0
0.1,25.84,1,1,1,40,1,3,0,0,2,0
1.7,23.56,1,1,1,37,1,1,0,0,1,0
1.1,29.65,1,0,0,6,0,1,0,0,0,0
1.7,25.5,0,1,1,28,0,1,0,0,0,1
3.9,27.48,0,0,0,39,0,2,1,0,1,0
2.5,27.66,1,0,0,10,0,4,1,0,2,0
0.2,29.23,0,1,1,55,1,3,0,0,0,0
3.4,30.03,0,0,0,36,0,2,0,0,1,0
2.4,17.15,0,1,0,18,0,2,0,0,2,1
3.5,18.74,0,1,0,35,0,2,0,0,1,1
1.1,19.54,0,1,0,28,0,2,0,0,0,1
2.5,27.2,0,1,1,5,0,4,0,0,0,0
0.5,31.05,0,1,1,42,0,3,1,0,2,0
2.2,24.87,0,0,1,48,0,1,0,0,0,1
1.4,29.72,0,0,1,6,1,2,1,1,0,0
0.6,16.83,0,1,0,14,0,0,0,0,1,0
0.7,26.17,0,0,0,11,0,3,1,0,1,0
0.6,22.68,0,1,1,18,0,4,0,0,1,0
0.2,30.28,0,1,1,8,0,1,1,0,2,0
0.8,25.53,1,0,0,26,0,2,0,1,1,1
3.3,26.14,0,0,1,9,0,3,1,0,0,0
1.6,17.18,1,1,1,21,0,3,1,0,1,0
3.2,23.14,0,1,1,37,0,3,0,0,2,0
2.6,31.0,0,1,0,16,0,4,0,0,1,0
3.4,26.69,0,0,0,23,0,0,0,0,1,0
0.9,18.24,0,1,1,16,1,1,0,0,2,0
1.5,17.54,1,0,0,50,0,1,1,0,1,1
2.5,24.65,0,0,0,27,1,1,1,0,2,0
3.9,26.59,0,1,1,40,0,1,0,0,1,0
3.2,24.37,0,0,0,23,0,0,1,1,1,0
3.8,26.47,0,0,0,48,1,0,1,1,1,0
0.1,24.89,0,1,1,11,0,0,1,0,2,0
3.2,28.65,0,0,1,54,1,2,0,0,2,0
1.0,19.72,0,1,0,5,1,1,1,0,1,0
0.6,18.43,0,1,1,49,0,2,1,0,0,1
2.1,24.25,1,1,1,41,1,4,1,1,1,0
0.9,19.14,1,0,1,51,0,3,1,0,2,0
1.2,21.68,0,0,1,39,0,4,1,0,0,0
2.6,21.25,0,1,1,8,0,1,0,0,0,0
0.3,22.4,1,1,1,11,0,0,0,0,1,0
3.0,30.6,1,1,1,16,1,3,0,0,1,0
1.8,16.33,1,1,1,31,0,2,1,0,1,0
4.0,26.39,0,1,1,5,0,1,0,0,2,0
3.7,24.94,0,1,0,32,0,0,0,0,0,1
1.2,20.68,0,1,0,9,1,2,0,0,1,0
0.9,16.77,0,0,1,45,0,3,1,0,2,0
4.0,25.27,0,0,0,51,1,1,1,1,0,0
1.2,26.26,0,1,0,16,0,4,0,0,0,0
2.8,26.45,0,0,1,22,0,4,1,0,1,0
0.2,29.18,0,0,1,9,0,2,1,1,0,0
0.4,17.31,0,1,0,33,0,4,0,1,2,0
3.2,16.89,0,1,1,55,0,4,1,0,0,0
0.8,18.78,1,1,0,43,1,1,1,1,2,0
2.2,17.44,0,0,0,16,0,3,0,0,0,1
1.3,19.93,0,0,1,27,0,0,1,0,1,1
3.6,19.79,0,0,1,22,1,0,0,1,0,0
2.2,23.55,0,0,0,12,0,0,0,0,1,0
0.9,19.66,1,1,0,44,0,1,0,0,2,1
0.5,27.23,0,0,0,36,0,0,0,0,1,1
2.9,23.03,0,0,1,27,0,4,0,0,2,0
0.3,25.83,0,0,1,39,0,1,1,0,1,1
0.5,21.01,0,1,1,52,0,0,0,0,1,1
3.0,25.85,0,0,0,12,0,1,1,0,1,0
0.6,28.89,0,0,0,21,0,2,0,0,2,1
2.9,27.74,0,1,1,39,0,1,1,0,2,1
3.0,26.52,0,0,1,11,0,4,1,1,0,0
0.6,30.13,0,1,0,26,0,4,1,0,1,0
0.1,31.84,0,1,0,19,0,2,1,0,2,1
0.6,27.49,0,1,1,38,0,4,1,0,2,0
1.2,21.15,0,1,1,25,0,3,1,0,2,0
2.6,17.23,1,1,1,20,0,3,1,0,0,0
2.1,29.49,0,0,1,48,0,4,0,0,2,0
0.5,18.52,0,1,1,37,0,1,1,0,2,1
1.0,23.17,0,0,1,21,0,1,0,0,0,1
3.0,26.11,0,0,0,24,0,3,0,0,0,1
3.0,20.87,1,1,0,7,0,2,0,1,1,0
0.3,27.29,1,1,1,20,0,3,1,0,0,1
2.3,22.43,0,0,0,13,0,0,0,0,2,0
3.7,28.21,1,0,0,50,0,4,1,0,1,0
0.9,28.94,0,0,1,53,1,1,1,0,1,0
2.0,24.34,0,1,0,53,0,1,0,0,0,1
3.3,22.78,0,1,0,5,0,0,1,0,0,0
2.8,29.78,0,1,1,28,0,3,0,1,0,1
2.9,30.58,0,1,0,43,0,3,1,0,2,0
0.2,17.5,1,1,0,53,0,1,1,0,0,1
3.5,16.62,0,0,1,25,0,3,0,1,0,1
1.0,20.52,0,0,1,6,0,3,1,0,2,0
1.3,30.33,0,0,0,31,0,4,1,0,1,0
4.0,31.66,0,0,1,42,1,3,1,1,0,0
3.6,23.72,1,1,1,47,0,1,1,1,1,0
2.9,17.48,0,1,1,29,1,2,0,1,2,0
2.7,23.75,0,1,1,24,0,2,0,0,1,1
2.9,18.96,0,1,1,16,1,0,0,0,2,0
0.9,17.5,0,0,0,47,0,4,0,1,0,0
2.4,18.1,0,0,1,46,0,2,1,0,0,1
1.8,23.8,0,1,1,8,1,4,1,0,0,0
0.4,22.04,0,0,1,23,0,2,1,0,1,1
0.7,20.41,0,0,0,24,0,4,1,1,0,0
3.1,23.25,0,0,0,53,0,3,0,0,0,1
2.7,20.11,0,1,0,28,0,4,1,0,2,0
2.3,27.02,0,1,0,18,0,2,1,1,0,0
1.5,30.34,1,1,1,52,0,2,0,0,1,0
0.2,20.21,0,0,0,48,0,2,0,1,2,1
0.4,22.48,0,0,1,9,0,2,0,0,1,0
2.7,22.46,0,1,0,6,0,4,1,0,0,0
3.3,25.88,1,1,0,49,0,3,1,0,2,0
2.3,16.84,0,1,1,20,0,4,1,0,0,0
3.0,18.36,0,0,0,38,0,4,1,0,0,0
3.6,31.16,0,1,1,7,0,4,0,0,1,0
0.1,22.58,1,1,0,46,0,0,1,0,1,1
3.8,25.08,0,0,1,38,0,1,1,0,0,0
1.2,20.74,0,0,0,7,0,3,1,0,2,0
0.3,25.01,0,0,1,43,0,4,1,0,2,0
1.6,31.8,1,1,1,46,0,0,1,1,0,0
3.5,26.22,0,0,0,14,0,4,1,0,0,0
1.0,25.01,0,1,1,42,0,4,1,0,2,0
2.7,27.59,0,1,0,26,0,2,1,1,0,0
3.5,18.95,0,0,0,8,0,1,0,1,0,0
2.4,18.49,1,1,1,13,1,4,1,0,0,0
1.3,30.43,0,1,0,25,0,4,1,1,1,0
2.6,26.29,0,1,1,15,1,3,0,1,2,0
2.0,25.02,0,0,0,46,0,1,0,0,1,1
0.6,24.09,0,0,0,7,0,4,0,0,2,0
0.1,22.47,1,1,1,38,0,1,1,0,1,1
2.0,31.72,0,1,0,29,0,0,0,1,2,0
0.1,17.45,1,0,0,28,0,3,1,0,1,1
2.1,26.29,0,1,0,55,1,2,1,0,0,0
2.2,28.52,0,0,1,43,0,2,1,0,0,1
2.9,19.17,1,0,0,27,0,2,0,0,0,0
3.7,30.98,1,0,1,51,0,0,0,0,1,0
3.6,24.35,0,1,0,53,0,1,0,0,2,1
3.4,29.89,0,0,0,7,0,2,0,1,1,0
0.1,29.15,0,0,1,6,0,2,1,0,0,0
2.1,27.27,0,1,0,15,0,2,0,0,1,1
3.1,21.6,0,0,1,52,0,2,0,0,0,1
2.0,24.72,1,1,0,47,0,4,1,0,2,0
0.4,31.25,0,1,1,32,0,0,0,0,0,1
0.6,18.35,1,0,0,37,0,0,0,0,1,1
1.9,17.75,0,1,0,14,0,2,1,0,2,0
2.4,31.5,1,1,1,11,1,4,1,0,1,0
2.9,28.85,0,1,1,55,1,1,1,1,1,0
3.6,25.38,0,1,0,22,0,3,1,0,0,0
2.6,18.27,0,1,0,33,1,0,0,0,1,0
1.2,20.27,0,1,1,47,0,0,0,0,1,1
1.2,19.41,0,1,1,8,1,4,1,1,0,0
0.4,21.88,0,1,1,43,0,2,1,1,2,0
3.5,27.28,0,1,0,12,0,1,1,0,1,0
1.5,31.59,0,1,0,17,0,1,0,0,0,0
1.1,27.87,0,0,0,51,1,2,0,0,1,0
0.0,29.11,1,0,1,30,0,1,0,0,1,1
1.3,29.17,0,1,0,7,0,4,1,0,0,0
1.4,27.58,0,0,0,36,0,1,1,0,2,1
3.0,28.34,0,1,0,25,0,4,1,0,2,0
3.1,18.98,0,0,1,24,0,1,1,0,0,1
0.3,25.69,1,0,0,34,0,0,1,0,1,1
0.9,25.23,0,0,0,13,0,4,0,0,2,0
2.4,18.86,0,1,0,22,0,0,1,1,0,0
1.2,19.41,0,0,1,17,0,4,1,0,0,0
1.2,30.82,1,1,0,41,1,3,0,0,0,0
1.6,18.32,0,1,0,41,0,0,1,0,2,1
3.0,27.36,1,0,1,38,0,4,1,0,1,0
1.5,18.91,0,0,0,34,0,1,0,1,0,1
2.0,31.87,0,1,0,44,0,2,1,0,0,0
3.8,30.11,0,1,1,30,0,0,0,0,1,0
3.5,31.15,0,0,0,30,0,1,0,0,2,0
1.7,30.76,0,1,1,6,0,4,0,0,0,0
3.3,27.58,0,0,0,15,0,4,0,0,1,0
0.4,29.82,0,0,1,15,0,4,0,1,1,0
1.0,20.5,0,1,0,10,0,2,0,0,1,0
1.5,26.01,0,0,1,7,0,1,0,1,2,0
0.9,21.2,0,1,0,36,0,0,1,0,0,1
0.3,16.48,0,0,0,51,0,0,0,0,2,1
2.0,19.6,0,0,1,51,0,2,1,1,1,0
0.3,29.75,0,0,0,39,0,3,1,0,0,1
1.5,21.61,0,0,1,15,0,2,0,0,2,1
0.5,29.14,0,1,1,26,0,0,1,0,0,1
2.4,27.55,0,1,1,53,0,1,0,0,1,1
0.9,27.9,0,1,1,20,0,3,0,0,0,1
0.7,31.99,0,1,0,55,0,0,1,0,2,1
1.7,21.33,0,0,1,10,0,2,1,0,1,0
2.4,27.85,0,0,0,31,0,2,0,0,1,1
0.5,31.73,0,1,0,14,0,4,0,0,2,0
1.9,31.05,0,0,1,33,1,1,1,0,2,0
2.8,16.59,0,1,0,52,0,1,1,0,2,1
2.3,22.91,0,1,0,32,0,3,0,0,2,0
3.1,26.72,0,1,1,49,0,3,0,1,2,0
2.7,25.99,0,1,0,45,0,2,1,0,1,1
1.4,17.23,0,0,1,43,1,1,0,0,2,0
3.7,21.32,0,0,1,13,0,1,1,0,2,0
1.5,24.71,0,1,0,10,0,1,0,0,2,0
3.0,25.58,0,0,1,15,0,2,1,0,2,1
3.3,27.75,0,1,1,46,0,3,1,1,1,0
0.6,18.2,0,1,0,54,0,0,1,0,0,1
1.6,21.84,1,1,1,37,0,4,0,0,0,0
0.4,26.56,1,0,0,50,1,4,0,1,1,0
1.7,19.52,0,1,0,25,0,1,1,0,2,1
1.7,29.9,0,0,1,45,0,3,0,0,1,1
1.9,21.09,1,0,0,54,0,3,0,1,2,0
0.6,21.31,0,0,1,18,0,1,1,1,2,0
3.0,16.35,0,1,0,15,0,4,0,1,0,0
3.0,20.87,1,0,0,42,0,3,1,0,1,0
1.4,25.31,0,1,1,48,0,3,1,0,1,1
0.1,27.75,0,1,0,51,0,1,1,0,1,1
2.0,29.13,1,0,0,33,0,1,0,0,2,0
3.9,18.6,0,1,1,32,0,2,1,1,0,0
0.2,22.6,0,0,0,7,0,3,1,0,0,0
3.4,31.71,0,1,1,54,0,2,0,1,2,0
3.5,26.59,0,1,0,51,0,2,1,0,1,0
0.9,27.44,0,0,1,27,0,0,1,0,1,1
1.5,16.34,0,0,1,16,0,1,1,0,1,1
2.8,29.48,0,1,0,15,0,0,1,0,0,1
3.7,20.23,0,0,0,53,0,1,1,0,1,1
1.6,21.63,0,1,1,31,0,2,1,0,1,1
1.8,22.52,0,1,0,42,0,3,1,0,1,1
1.3,21.5,0,0,1,50,0,0,0,0,1,1
2.2,22.86,0,0,1,43,0,3,1,1,2,0
1.7,16.94,0,0,1,10,1,2,1,0,2,0
2.4,16.8,1,0,1,34,0,2,0,0,0,0
1.5,27.63,0,0,0,33,0,4,0,1,1,0
1.2,30.94,0,1,0,9,0,4,1,0,0,0
0.1,28.29,1,0,1,32,0,4,1,0,1,0
1.3,29.13,0,1,0,12,1,3,1,0,0,0
3.3,22.18,0,0,1,54,0,2,1,0,2,1
2.0,19.22,0,1,0,17,1,1,1,0,2,0
1.9,29.84,0,1,0,6,1,2,0,0,2,0
2.3,17.48,0,0,1,36,0,4,0,1,0,0
3.2,20.62,0,0,0,15,0,0,0,1,0,1
1.1,26.81,0,0,0,41,0,0,0,0,1,1
1.6,21.81,1,1,0,41,0,2,1,0,2,0
3.3,27.39,0,1,0,43,0,1,1,0,0,0
2.4,18.38,0,0,1,36,0,0,0,1,0,1
2.6,31.03,0,0,1,25,0,2,1,0,1,0
1.9,28.63,0,1,0,31,0,2,1,0,0,1
0.2,26.1,0,0,1,50,0,3,0,0,2,0
2.5,17.08,0,1,1,15,0,0,1,0,1,1
2.4,26.18,0,1,0,14,0,2,1,0,0,0
1.9,31.14,0,1,1,10,0,1,1,0,1,0
2.1,25.73,0,1,1,27,0,0,1,0,1,1
3.6,30.9,0,1,0,19,0,4,1,0,0,0
2.7,20.97,0,1,0,49,0,4,0,1,1,0
3.8,19.26,0,1,1,37,1,3,1,0,0,0
2.8,31.48,1,1,0,32,0,4,0,0,2,0
1.2,19.92,1,1,1,43,0,2,0,0,1,1
1.7,31.37,0,1,0,49,0,4,0,1,1,0
0.2,22.56,0,1,0,42,0,4,1,0,2,0
2.2,29.1,0,1,0,44,1,0,0,0,0,0
3.6,23.2,0,1,0,20,1,1,1,0,0,0
0.1,17.48,1,0,1,43,0,0,0,0,2,1
2.7,25.91,0,1,1,29,0,1,1,0,2,1
0.2,18.34,0,0,1,22,0,1,0,1,1,1
0.8,31.94,0,1,0,46,0,3,0,0,1,1
1.1,24.86,0,0,1,37,0,4,0,0,2,0
1.3,18.35,0,1,1,48,0,1,1,1,0,0
3.2,28.39,0,1,0,52,0,2,0,0,2,0
1.4,23.7,0,0,0,34,0,1,1,0,1,1
1.0,16.95,0,1,0,23,1,3,0,0,1,0
2.0,18.61,0,0,1,24,0,1,0,0,1,1
1.2,31.72,0,0,0,42,0,2,1,0,1,0
2.3,23.28,0,1,1,40,0,0,1,1,0,0
0.4,18.35,0,0,0,27,0,3,1,0,2,0
2.8,22.73,0,1,1,7,0,4,0,0,0,0
0.7,31.68,0,1,0,25,0,2,1,0,0,1
1.4,28.18,1,0,1,10,0,4,1,0,2,0
3.1,25.28,0,0,0,47,0,1,1,1,2,0
1.5,29.83,0,1,0,32,0,4,0,1,1,0
0.1,29.99,0,1,1,52,0,3,0,1,2,0
1.9,30.25,0,1,0,51,1,3,0,0,1,0
1.2,18.46,0,1,0,29,0,3,1,0,0,1
0.3,30.92,1,1,1,25,0,3,0,1,0,1
3.4,16.82,0,0,0,48,0,2,0,0,2,1
2.1,21.61,0,0,1,33,0,1,0,0,2,1
0.7,19.53,0,1,1,28,0,1,0,0,0,1
0.3,28.22,0,1,1,52,0,4,0,0,0,0
2.8,21.22,0,0,0,29,0,0,1,0,2,1
3.0,26.2,0,0,0,39,0,4,0,1,2,0
1.6,20.74,0,0,1,13,0,3,0,0,2,0
0.1,20.67,0,1,1,5,0,0,0,0,0,0
1.2,25.71,1,1,1,29,0,0,1,0,2,1
1.7,19.94,0,1,1,19,0,2,0,0,2,1
0.8,18.04,0,0,1,45,1,2,0,0,2,0
3.8,19.32,0,0,1,52,0,2,1,1,1,0
3.8,23.49,1,1,1,35,0,4,1,0,1,0
1.5,20.1,0,0,1,10,0,4,1,1,1,0
3.7,17.45,0,0,0,55,0,1,0,1,0,1
0.9,24.44,0,0,1,45,0,2,1,1,2,0
3.2,27.78,1,0,1,31,0,3,0,0,1,0
2.5,20.58,0,1,1,44,0,4,0,0,2,0
1.0,17.29,0,0,0,31,0,3,0,0,2,0
2.5,23.16,0,0,1,21,1,0,1,0,1,0
2.8,19.91,0,0,0,15,1,0,0,0,2,0
1.4,16.18,0,1,0,32,0,2,1,0,2,1
3.1,30.41,0,1,0,48,0,2,1,0,2,0
2.5,31.07,0,1,0,10,0,4,0,0,1,0
0.9,26.41,1,1,1,23,0,3,0,1,0,1
3.2,23.62,0,1,1,55,0,0,1,1,0,0
0.7,31.92,0,1,0,14,0,3,0,0,0,0
2.3,23.88,0,0,1,27,0,2,0,0,1,1
1.3,30.9,0,1,1,7,0,4,1,1,0,0
1.3,16.42,0,0,1,37,1,3,1,0,1,0
3.8,26.43,1,1,1,43,0,1,0,0,0,0
3.7,29.65,1,0,0,12,0,1,1,0,1,0
2.3,28.57,0,0,1,19,0,4,1,0,0,0
3.7,30.35,0,0,1,54,0,1,0,0,1,0
0.6,26.43,0,0,0,26,0,4,0,0,2,0
0.1,20.72,0,0,0,49,0,2,0,1,1,1
0.8,23.78,0,0,0,24,0,4,0,1,0,0
1.4,25.26,0,0,0,22,0,1,0,0,1,1
3.0,29.92,0,0,0,8,0,4,1,1,0,0
2.1,24.73,0,1,0,12,0,1,0,0,1,0
1.2,31.2,0,0,0,43,0,4,0,1,0,0
3.0,18.89,0,1,0,38,0,3,0,0,2,0
0.1,23.14,0,0,0,42,0,4,0,0,0,0
0.5,17.89,0,0,1,33,0,3,0,0,2,0
3.5,28.8,0,1,0,42,0,1,1,0,2,0
0.3,18.85,1,0,1,31,0,1,1,0,0,1
2.4,25.38,0,0,1,39,0,0,0,0,1,1
1.9,26.1,0,0,0,44,1,2,1,0,2,0
3.0,23.59,0,1,0,38,0,1,0,0,2,1
2.8,26.03,1,1,0,17,0,4,1,0,0,0
2.5,26.45,0,1,0,22,0,2,0,0,0,1
1.7,26.03,0,0,1,42,0,2,0,0,0,1
2.1,30.65,0,1,1,40,0,2,0,0,1,0
0.7,16.49,0,1,1,51,0,4,0,0,1,0
0.9,31.87,0,0,1,40,0,0,0,0,0,1
0.9,30.11,0,0,1,14,0,1,1,0,1,0
2.8,19.8,0,0,1,14,0,4,1,1,0,0
2.6,17.12,0,0,1,6,1,3,1,0,0,0
0.5,21.0,0,1,1,19,0,1,1,1,2,0
3.5,26.62,1,1,0,9,0,0,0,0,0,0
1.9,25.6,0,1,0,9,0,2,0,0,2,0
3.9,27.07,0,1,0,30,0,0,0,0,0,0
2.6,18.58,1,0,1,53,0,2,1,0,0,0
0.7,23.46,1,0,0,17,0,1,0,0,1,1
2.8,16.86,0,0,0,37,1,4,0,0,0,0
0.3,24.88,0,0,0,5,1,1,0,0,0,0
2.2,29.18,0,1,1,26,0,0,0,0,0,1
0.9,18.71,0,1,0,12,1,0,0,0,1,0
3.4,25.81,0,1,1,43,0,0,0,0,0,0
3.7,26.22,0,1,0,54,0,4,1,1,1,0
3.1,21.89,0,0,1,45,0,3,0,1,1,1
3.3,24.77,0,1,0,22,0,3,0,0,2,0
1.0,16.25,0,0,0,14,0,3,1,0,2,0
0.8,25.7,0,1,0,40,0,4,0,0,2,0
3.1,30.27,0,0,0,31,0,0,1,0,1,0
1.3,29.02,0,0,0,46,1,0,0,0,2,0
2.5,27.23,0,0,0,38,0,3,1,0,1,1
0.1,24.85,0,0,1,5,0,0,1,0,1,0
0.4,31.82,1,0,1,7,0,3,0,0,1,0
4.0,31.26,1,0,0,47,0,0,0,0,0,0
1.8,20.27,0,1,1,14,0,0,1,0,0,0
2.3,28.23,0,1,1,46,0,4,1,1,0,0
3.3,31.76,1,1,0,48,1,4,0,0,2,0
0.7,19.96,0,1,1,51,1,0,0,0,0,0
3.5,21.02,0,0,0,41,0,3,0,0,2,0
0.1,27.38,0,1,0,12,0,2,0,0,1,0
0.2,18.7,0,0,1,15,1,2,1,0,0,0
2.2,29.22,0,1,0,6,0,3,0,0,0,0
2.1,30.65,0,0,1,47,1,0,1,1,2,0
1.2,28.62,0,0,1,15,0,2,1,0,1,1
2.8,26.73,0,0,0,43,0,1,0,1,2,1
3.6,23.98,0,0,1,45,0,3,1,1,2,0
2.9,19.72,0,0,1,31,1,0,1,1,0,0
0.5,24.64,0,1,1,55,0,4,0,0,0,0
0.4,25.36,0,1,0,33,0,0,0,0,2,1
3.9,28.98,0,0,0,11,0,3,0,0,0,0
0.7,25.15,0,0,0,36,0,1,0,0,2,1
3.3,23.4,0,1,1,33,1,1,1,0,0,0
4.0,27.37,1,1,1,43,0,4,0,0,2,0
2.3,29.87,1,1,1,46,0,4,0,1,1,0
2.4,18.95,0,0,0,30,0,1,0,0,1,1
1.0,19.21,0,0,1,24,0,4,0,1,2,0
2.8,22.69,0,0,0,29,0,1,1,0,2,1
1.2,26.07,0,1,0,22,0,0,1,1,1,0
4.0,19.12,0,1,1,25,0,4,1,0,2,0
0.2,22.73,0,0,1,46,0,2,1,1,0,0
0.6,29.89,0,1,1,38,0,0,0,0,1,1
1.6,31.13,0,0,0,21,0,0,1,0,2,0
1.4,24.63,0,1,0,41,0,1,0,0,2,1
2.5,20.77,0,0,0,44,0,2,0,0,0,1
1.0,18.91,0,1,0,8,0,2,0,0,1,0
2.5,17.69,0,0,0,18,0,2,1,0,0,1
0.5,23.88,1,0,0,51,0,3,0,0,2,0
1.0,31.61,0,0,1,10,0,1,1,0,1,0
3.5,23.63,0,1,0,33,1,0,1,0,2,0
3.8,27.07,0,1,0,8,0,1,0,0,2,0
1.9,29.67,0,1,0,41,1,1,0,0,1,0
2.1,19.35,0,0,1,14,0,3,0,0,2,0
3.7,25.1,0,1,0,10,0,0,0,0,0,0
1.8,19.23,0,1,0,40,0,3,1,0,0,1
2.4,21.02,0,1,0,27,0,0,0,1,0,1
0.2,31.01,0,0,1,8,0,3,0,0,1,0
0.3,23.05,0,0,0,38,0,2,0,1,0,1
0.5,16.07,1,0,1,33,0,2,0,0,0,1
0.6,19.8,1,1,0,53,1,0,1,0,2,0
1.0,22.11,0,0,1,39,0,0,1,0,2,1
2.7,28.62,0,1,1,12,0,3,0,0,1,0
1.7,28.83,1,0,1,10,1,0,0,0,0,0
0.2,25.61,1,0,1,5,1,1,0,0,1,0
0.3,21.04,0,1,0,31,0,4,1,0,0,0
2.9,31.1,1,0,0,49,0,3,1,0,2,0
2.2,24.85,0,0,0,16,1,4,1,1,0,0
2.9,26.85,0,1,0,44,0,3,0,0,0,1
3.0,31.6,0,1,0,22,0,1,0,0,2,0
0.1,26.3,0,0,0,10,0,1,0,0,1,0
1.4,25.09,0,0,0,29,0,4,1,0,2,0
0.6,26.72,1,1,1,11,0,2,0,0,0,0
0.9,26.07,0,0,1,30,0,2,1,0,0,1
3.2,25.21,0,1,1,14,0,3,0,0,0,0
2.8,16.87,0,0,0,27,0,0,1,1,0,0
0.4,28.59,0,1,0,11,1,4,0,1,1,0
1.9,22.2,0,1,1,31,0,4,1,1,0,0
3.9,27.2,0,1,1,6,0,3,1,0,2,0
3.1,16.3,0,1,1,7,0,0,1,0,0,0
0.3,28.95,0,1,1,35,1,3,1,0,2,0
1.7,20.09,0,0,0,40,0,0,0,0,0,1
0.1,23.11,0,0,0,26,0,4,1,0,0,0
3.0,31.19,0,0,1,42,0,1,1,0,1,0
2.3,19.97,0,0,0,20,0,1,0,1,2,1
3.3,28.71,1,1,0,16,0,0,0,0,1,0
3.2,31.76,0,0,1,33,0,0,0,0,2,0
3.7,20.12,1,1,0,35,0,1,0,0,1,0
2.9,27.96,1,0,1,24,1,4,1,1,2,0
2.3,30.09,0,1,0,50,0,0,0,1,2,0
2.7,18.46,0,1,1,24,1,0,0,0,2,0
0.8,30.1,0,0,1,18,1,3,0,0,2,0
2.8,31.12,0,0,0,10,0,0,0,1,1,0
2.1,25.4,0,1,1,11,0,0,0,1,1,0
1.6,31.54,1,1,0,28,0,1,0,1,2,0
0.8,24.53,0,0,1,41,1,3,1,0,1,0
1.7,28.0,0,0,0,45,1,3,1,0,1,0
1.7,25.12,0,1,0,16,0,1,1,1,1,0
1.5,29.28,0,0,0,10,1,2,0,1,2,0
2.2,18.84,1,1,1,35,0,2,0,1,0,0
1.2,17.45,0,0,0,32,0,3,1,0,0,1
0.5,30.36,0,1,1,37,0,4,0,0,1,0
1.0,19.58,0,1,0,22,1,2,0,0,1,0
3.6,19.54,0,1,1,22,1,4,0,0,1,0
3.5,24.47,0,1,1,22,0,1,0,0,0,1
1.8,31.67,0,1,0,26,0,0,0,0,2,0
0.3,22.18,0,0,0,15,1,4,1,1,0,0
3.2,17.96,0,1,1,29,0,2,1,0,2,1
1.4,22.8,0,0,1,45,0,1,0,0,2,1
3.2,22.23,0,1,0,25,0,2,1,0,1,1
2.4,28.2,0,0,1,55,0,4,0,1,1,0
2.4,20.54,0,1,0,40,0,4,0,0,1,0
3.5,28.68,0,1,0,33,0,4,0,0,2,0
1.2,29.24,1,1,0,21,0,2,0,0,1,1
0.7,18.43,0,0,0,43,0,3,1,0,1,1
2.3,24.51,0,1,1,18,0,2,0,0,1,1
1.9,18.66,0,0,1,12,0,0,1,0,0,0
2.2,18.73,0,1,1,9,0,4,1,0,0,0
3.1,19.69,0,1,1,17,1,0,1,0,1,0
0.2,28.92,0,1,1,30,0,2,1,0,0,1
2.5,25.66,0,0,0,34,0,0,0,0,0,1
2.8,26.37,0,1,1,12,0,4,1,1,2,0
1.0,31.23,1,1,0,11,0,4,1,1,0,0
0.8,27.13,0,0,0,14,0,0,1,0,0,0
3.6,31.81,0,0,0,33,0,4,0,0,2,0
0.5,18.52,0,1,1,36,0,1,0,0,2,1
0.0,18.48,0,0,0,21,0,4,1,0,1,0
0.2,18.78,0,0,0,33,0,2,1,0,2,1
2.0,19.53,0,0,0,21,0,2,0,0,2,1
3.6,16.89,0,0,0,10,0,0,0,1,1,0
1.7,20.35,0,0,1,7,0,1,1,0,2,0
3.4,27.91,1,0,1,38,1,0,1,0,2,0
2.2,26.68,0,1,1,30,1,1,1,0,2,0
2.6,21.58,0,1,0,19,1,0,1,1,1,0
1.3,17.67,1,1,1,32,0,0,1,0,0,1
3.2,22.06,1,0,1,12,0,2,1,1,1,0
0.5,23.93,0,0,1,14,0,2,0,1,2,0
3.8,22.41,0,0,0,44,0,1,0,1,1,1
3.2,22.07,0,0,1,36,0,2,0,0,0,1
0.8,26.71,0,0,0,30,0,4,1,0,1,0
0.1,24.77,0,0,0,43,1,3,0,0,0,0
1.8,22.82,0,0,1,35,0,3,0,0,1,1
1.2,22.33,0,1,0,52,0,4,1,1,2,0
1.5,31.59,0,0,0,47,0,4,0,1,2,0
1.2,20.27,0,0,0,26,0,2,0,0,1,1
1.2,16.09,0,0,1,46,0,0,1,0,2,1
0.6,21.7,0,1,0,55,0,1,0,0,0,1
2.8,26.51,1,1,0,38,0,0,1,0,0,0
1.4,25.43,1,0,0,18,0,2,0,0,2,1
3.3,26.03,0,0,0,12,1,2,1,1,1,0
1.4,23.43,0,1,0,34,0,2,1,0,0,1
0.3,24.33,0,1,1,42,1,3,0,0,1,0
0.3,18.35,0,1,1,14,1,3,0,1,1,0
1.6,19.53,0,0,1,36,0,3,0,0,1,1
1.1,27.37,0,0,0,9,0,2,0,1,1,0
0.5,21.46,1,1,0,9,1,1,1,1,0,0
0.1,26.68,0,1,0,23,0,2,1,0,0,1
2.0,27.77,0,0,1,17,0,2,1,0,2,1
3.4,30.7,0,0,0,15,0,1,1,0,2,0
1.2,21.87,0,1,0,38,0,2,1,0,1,1
1.6,29.75,0,0,1,44,0,1,0,0,0,1
2.4,28.92,1,0,0,43,0,3,1,0,0,0
2.1,31.94,1,1,1,5,0,3,0,1,0,0
2.3,17.86,1,1,1,28,1,0,1,1,0,0
0.7,25.81,1,1,0,12,0,3,1,0,1,0
3.6,20.17,0,1,0,26,0,4,0,0,1,0
2.7,29.18,1,1,1,9,0,2,1,1,2,0
3.7,19.61,0,0,1,28,0,3,1,0,1,1
2.9,30.1,0,1,0,10,0,1,0,0,2,0
3.3,21.3,0,1,0,9,0,0,0,0,0,0
1.8,21.72,0,1,1,46,0,1,0,0,2,1
0.3,19.05,0,1,0,26,0,3,1,0,2,0
0.7,17.98,0,1,1,8,0,4,0,1,1,0
2.9,20.82,1,1,1,36,0,3,0,0,0,0
1.4,27.4,0,1,0,11,0,2,0,0,0,0
2.6,22.15,0,0,0,37,0,1,0,0,1,1
0.2,16.99,0,1,1,43,1,3,1,0,2,0
0.4,22.98,1,1,1,46,0,3,1,0,2,0
3.9,26.51,0,0,1,46,1,2,0,1,0,0
2.7,22.86,1,1,1,35,0,0,1,0,1,0
3.3,16.32,0,1,0,45,0,0,1,1,0,0
2.1,18.31,1,1,1,6,0,3,0,0,0,0
0.9,19.47,0,1,1,54,0,1,0,0,0,1
0.1,22.88,1,1,0,15,0,4,0,0,0,0
0.7,18.46,0,1,0,23,0,4,0,0,1,0
1.9,24.52,0,0,0,7,0,4,1,0,0,0
4.0,30.94,1,1,1,18,1,2,0,0,2,0
2.2,17.94,0,0,0,51,0,2,0,0,1,1
3.6,18.64,1,1,1,29,1,2,0,0,1,0
0.1,20.7,0,1,0,14,0,0,1,0,1,0
1.0,22.31,0,0,0,27,0,4,1,0,2,0
0.3,27.77,0,0,0,31,0,2,1,0,0,1
1.9,29.76,0,1,1,21,0,1,0,0,1,1
1.7,31.89,0,0,0,31,0,1,0,0,2,0
1.4,26.03,1,1,0,44,0,1,1,1,1,0
2.6,25.02,0,1,1,14,0,3,0,1,2,0
3.1,23.05,0,1,0,12,1,3,0,1,0,0
3.0,22.03,0,0,1,36,1,2,1,0,2,0
2.0,20.76,0,1,0,9,1,2,0,1,1,0
1.6,23.19,1,0,0,52,0,2,0,0,1,0
1.0,18.18,0,1,0,27,1,0,1,1,1,0
0.7,29.43,0,0,1,14,0,3,0,0,0,0
0.7,26.63,0,0,0,8,0,4,0,0,2,0
0.1,21.65,0,1,1,11,0,3,0,0,0,0
2.7,30.5,0,1,0,37,1,3,1,0,0,0
4.0,22.65,0,0,0,8,0,0,0,1,0,0
2.0,16.28,0,1,1,27,0,4,1,0,2,0
0.1,23.54,0,0,1,45,0,0,0,0,0,1
2.0,19.96,0,0,1,55,0,4,1,1,0,0
1.7,26.38,0,0,1,44,0,1,1,0,2,1
4.0,19.97,0,0,1,10,0,0,0,0,1,0
2.1,18.23,0,0,1,15,0,2,1,0,0,1
2.5,26.46,0,1,1,30,0,2,0,0,1,1
0.3,21.11,0,0,0,25,0,2,1,1,0,0
0.1,30.99,1,1,1,30,0,0,0,0,1,1
1.4,19.45,0,1,0,9,0,1,1,0,1,0
1.2,22.9,0,1,0,43,0,1,0,0,2,1
1.9,26.57,1,1,1,47,0,0,0,0,2,0
2.0,19.18,0,1,0,39,1,4,0,0,1,0
0.5,31.51,1,0,1,32,0,1,0,1,0,1
0.8,22.46,0,0,1,19,0,1,1,0,2,1
2.0,26.77,1,1,0,20,0,4,1,0,0,0
3.8,18.04,0,1,1,37,1,4,0,0,2,0
2.7,26.89,0,0,0,23,0,1,1,0,1,1
0.2,18.43,0,0,0,40,0,3,1,0,1,1
1.2,25.37,1,0,1,31,0,3,0,1,2,0
1.3,21.69,0,0,0,17,0,4,0,0,2,0
3.5,21.95,0,1,1,23,0,1,1,0,1,1
0.2,29.43,0,1,0,17,0,4,0,1,1,0
0.6,28.66,0,1,1,17,0,3,1,0,0,1
0.9,24.0,1,0,0,22,0,4,0,0,2,0
2.1,20.9,0,0,1,18,0,4,0,0,0,0
2.0,16.25,0,0,1,25,0,4,0,0,0,0
3.7,27.27,0,1,1,22,0,2,0,0,2,0
1.3,16.92,1,0,1,20,0,0,0,0,1,1
3.4,24.99,0,0,1,35,0,2,1,0,0,1
3.5,24.67,0,1,1,12,0,4,0,0,1,0
0.9,27.53,0,1,0,11,0,0,1,0,0,0
0.0,25.32,0,0,0,30,0,2,0,0,1,1
1.9,16.64,0,0,1,9,0,0,1,0,2,0
1.6,29.49,1,1,0,35,0,2,0,0,0,0
3.2,28.32,0,0,0,47,0,4,1,0,0,0
1.7,27.32,0,0,0,9,0,4,0,1,2,0
3.8,18.88,0,0,1,19,0,1,0,0,1,1
1.0,21.01,0,0,1,36,0,4,1,0,0,0
0.7,27.21,0,0,0,52,0,0,0,0,0,1
0.6,28.44,0,0,1,34,0,0,1,1,1,0
0.6,19.56,0,1,1,43,0,1,0,0,1,1
1.3,24.02,0,0,0,21,0,2,0,0,0,1
1.9,31.42,0,1,1,35,0,3,0,0,0,0
1.8,27.53,1,0,0,45,0,1,1,1,0,0
3.4,25.47,0,1,1,45,0,1,1,0,1,0
2.2,20.41,0,1,0,23,0,0,1,0,0,1
3.5,19.95,0,0,0,22,0,2,1,0,1,1
2.9,25.03,0,1,0,45,0,3,0,0,1,1
3.2,17.61,0,0,1,9,0,4,1,0,0,0
3.1,23.67,0,0,0,25,1,1,0,1,2,0
1.9,30.19,0,1,0,27,0,3,1,0,2,0
1.3,21.96,0,0,1,47,1,1,1,0,1,0
3.6,28.8,1,1,0,17,0,0,0,0,0,0
1.4,30.15,1,1,0,22,0,3,0,0,2,0
2.2,16.68,0,0,1,51,0,1,1,0,0,1
2.2,19.0,0,0,1,5,0,0,0,1,1,0
1.8,18.24,1,1,1,12,0,1,1,0,2,0
0.2,24.36,0,1,0,51,0,3,1,0,0,1
2.0,19.32,0,0,1,55,0,3,0,0,0,1
2.0,19.7,1,1,1,32,0,0,1,0,0,0
1.2,18.32,1,0,0,38,1,2,1,1,2,0
2.2,25.0,0,1,0,14,1,1,1,0,1,0
0.9,30.61,1,0,0,13,0,4,1,0,1,0
3.2,19.93,1,0,1,19,0,1,0,0,2,0
0.4,29.95,0,0,1,46,0,1,0,0,1,1
0.3,25.5,0,0,1,46,0,2,0,0,1,1
1.5,29.87,0,1,1,50,0,3,0,0,2,0
2.2,18.75,0,0,1,54,0,1,0,1,0,1
3.0,27.13,0,1,1,26,0,2,1,0,2,1
2.4,31.65,1,0,0,7,1,4,1,0,1,0
2.3,23.15,0,1,0,13,0,0,1,0,1,0
1.2,30.49,1,1,1,36,0,1,1,1,0,0
0.3,20.13,0,1,1,49,0,0,1,0,2,1
0.4,27.74,0,1,0,17,0,2,0,1,1,1
2.0,29.68,0,0,1,16,0,2,0,0,1,1
3.8,24.61,0,1,1,12,0,3,1,0,0,0
2.1,29.91,0,1,0,37,0,3,1,0,0,1
0.8,20.91,1,1,1,14,0,1,1,0,2,0
2.7,25.86,1,1,1,26,0,2,1,1,1,0
1.8,31.23,0,1,0,55,1,0,1,0,1,0
0.6,20.16,0,1,0,42,1,4,0,0,2,0
0.0,30.56,0,0,1,54,0,0,1,0,1,1
0.9,26.9,1,0,0,34,0,4,0,1,0,0
0.2,19.92,0,1,1,6,0,2,1,0,0,0
1.0,16.44,0,1,1,25,0,3,1,0,0,1
2.7,18.4,0,0,1,17,0,2,1,0,2,1
3.3,23.75,0,0,1,14,0,4,1,1,0,0
1.1,21.52,0,0,0,30,1,3,1,1,0,0
3.5,28.19,0,1,0,37,0,4,0,0,2,0
1.5,24.24,0,1,0,53,0,1,0,1,2,1
4.0,23.49,0,0,0,36,0,1,0,0,1,1
1.6,30.43,1,0,1,5,0,2,0,0,2,0
2.0,28.47,0,0,0,31,0,1,1,0,2,1
0.2,31.14,0,0,0,50,0,0,0,0,2,1
1.8,30.08,0,0,1,8,0,2,0,0,0,0
0.2,27.13,1,1,1,30,0,0,1,0,0,1
3.2,25.86,0,1,1,22,1,1,0,0,2,0
0.8,29.63,0,1,0,40,1,0,0,0,1,0
3.7,20.08,1,0,0,55,0,0,0,0,1,0
1.5,17.25,0,1,1,33,0,1,0,0,2,1
2.0,25.95,0,0,0,51,0,4,0,0,2,0
2.0,21.29,0,0,0,14,0,3,1,0,0,0
2.1,21.69,1,1,1,28,0,3,1,0,1,0
3.0,20.06,0,1,0,47,0,1,1,0,1,1
1.3,30.15,0,1,1,5,0,0,1,0,2,0
2.9,29.91,1,0,0,38,1,0,0,1,2,0
1.6,17.53,0,0,1,25,0,2,0,1,2,1
2.6,22.39,0,0,1,12,0,2,1,0,2,0
1.5,27.77,0,1,1,24,1,2,0,1,2,0
3.0,21.0,0,0,0,11,0,4,1,0,1,0
1.1,30.92,1,1,1,18,1,2,1,1,1,0
1.4,26.38,0,1,1,24,0,2,1,0,2,1
2.8,23.15,0,0,0,25,0,2,0,0,0,1
0.1,30.29,0,0,0,11,0,4,1,0,2,0
0.1,22.73,0,0,0,37,0,2,1,0,2,1
0.2,21.27,1,0,0,9,0,0,0,0,1,0
0.6,27.84,0,0,1,20,0,2,0,0,2,1
4.0,22.72,0,1,1,22,0,4,1,0,2,0
0.1,28.09,1,1,0,46,0,1,1,0,1,1
1.6,23.45,1,1,1,38,0,4,0,1,1,0
0.1,18.85,0,0,1,37,0,2,1,0,0,1
2.9,27.17,0,1,0,41,0,1,1,1,1,0
1.7,21.16,0,0,0,43,1,0,0,0,2,0
3.5,28.85,1,0,1,43,0,3,1,0,2,0
0.9,26.26,0,1,0,41,0,2,1,0,2,1
2.1,29.13,0,1,0,46,0,3,1,1,0,0
0.7,30.64,0,0,1,26,1,2,0,0,1,0
1.8,28.05,0,0,0,25,1,0,1,0,1,0
1.5,29.32,0,1,0,18,1,2,0,0,0,0
0.6,22.13,1,1,1,47,0,4,0,0,0,0
3.0,30.7,0,0,0,24,0,3,0,0,0,0
1.7,20.19,0,1,0,45,0,2,0,1,2,1
3.3,20.4,0,1,1,45,0,4,0,0,1,0
2.2,27.22,1,1,1,53,0,3,0,1,2,0
0.9,25.73,0,0,1,34,0,2,0,1,1,1
2.1,17.67,0,1,1,16,0,3,1,0,2,0
1.2,23.52,0,0,1,42,0,0,1,0,1,1
1.2,30.12,1,1,0,18,0,0,1,1,2,0
0.4,16.83,0,1,0,29,0,4,0,1,0,0
0.2,19.79,0,0,1,35,0,1,0,0,2,1
2.8,21.28,0,1,1,31,0,0,1,0,1,1
2.8,20.71,0,1,1,42,0,2,1,0,0,1
1.5,19.03,1,1,0,52,0,0,1,0,2,1
2.1,17.09,0,1,0,47,0,0,0,1,2,1
0.3,20.91,0,1,1,12,0,0,0,1,1,0
3.6,20.54,0,1,0,14,0,2,0,0,1,0
1.6,20.61,0,0,0,18,0,4,1,0,1,0
2.3,21.17,1,1,1,28,1,1,0,1,2,0
2.8,23.29,0,1,0,21,1,1,1,0,1,0
0.3,21.01,0,1,1,13,0,2,1,0,2,0
0.7,17.54,1,0,0,14,0,3,1,1,1,0
3.1,20.01,0,1,0,17,0,3,1,0,1,1
3.9,23.89,0,0,1,13,0,3,1,0,0,0
0.8,24.82,1,1,0,24,0,4,1,1,2,0
4.0,28.06,1,1,0,32,0,1,0,0,0,0
0.4,27.29,0,0,0,18,1,2,1,1,2,0
0.1,16.76,1,1,0,5,0,0,1,0,1,0
0.3,24.58,0,0,0,10,0,3,0,0,0,0
1.5,17.68,0,0,1,14,1,2,0,0,2,0
2.8,31.02,0,0,0,23,0,3,0,0,2,0
0.5,29.41,0,1,1,53,0,4,1,0,2,0
3.8,20.15,0,1,0,50,0,0,1,0,0,1
3.7,24.89,0,1,1,11,0,0,0,0,1,0
0.5,25.85,0,1,0,40,1,3,1,0,1,0
1.5,29.36,0,0,1,42,0,2,1,1,1,0
0.8,16.91,0,0,0,49,0,3,1,0,1,1
1.6,17.95,0,1,0,37,1,1,1,0,0,0
1.5,29.82,0,0,1,34,0,3,0,0,2,0
0.1,18.07,1,0,0,27,0,1,0,0,1,1
3.4,19.53,1,0,1,44,0,2,1,0,0,0
3.1,20.92,0,1,1,51,1,4,0,0,2,0
3.1,28.93,0,1,0,47,0,0,0,0,0,0
3.9,28.81,0,0,0,22,0,1,0,1,2,0
0.1,29.11,1,1,0,14,0,3,0,0,2,0
1.1,25.04,0,1,1,27,0,0,0,0,2,1
1.8,21.43,1,1,1,22,0,4,0,0,1,0
0.2,28.74,1,0,1,42,1,4,0,0,2,0
3.9,24.34,1,1,1,30,0,0,0,1,1,0
2.1,28.96,0,0,0,33,0,3,1,0,0,1
1.8,30.91,0,1,1,6,0,2,1,0,2,0
3.4,23.46,0,1,0,44,0,3,1,0,2,0
3.3,29.88,0,0,0,52,0,4,1,0,0,0
0.3,25.67,1,1,0,13,0,2,0,0,0,0
2.1,29.58,0,0,1,46,0,4,1,0,1,0
3.8,31.66,0,0,1,19,0,2,1,0,2,0
2.1,21.88,1,1,1,37,0,1,0,0,2,0
3.7,23.13,1,1,1,21,0,3,1,0,1,0
2.1,23.3,1,1,0,40,0,0,0,0,0,0
2.6,30.23,0,1,1,48,0,3,0,1,2,0
2.4,23.8,0,1,0,32,0,1,0,0,1,1
1.5,28.1,0,0,0,45,0,2,1,1,0,0
3.2,16.18,0,0,0,20,0,4,0,0,1,0
1.9,23.41,0,1,0,31,0,0,0,0,0,1
2.7,27.28,0,0,1,29,0,2,0,0,0,1
3.5,20.35,0,1,1,5,0,0,1,1,1,0
1.0,17.11,0,1,0,32,0,3,0,0,2,0
3.0,18.42,0,0,0,34,0,0,1,0,2,1
1.4,16.31,0,1,1,39,1,4,1,1,2,0
2.7,18.15,0,1,0,21,0,2,0,0,0,1
2.8,23.69,1,1,1,43,0,1,0,0,1,0
3.1,17.94,0,0,0,28,0,4,0,0,0,0
0.6,19.75,0,1,0,12,0,4,0,0,0,0
3.9,25.75,0,1,0,33,0,1,1,0,0,0
2.0,20.01,1,0,0,21,1,4,1,0,0,0
3.1,16.18,1,0,1,33,0,2,1,0,0,0
2.3,28.14,0,0,1,50,0,1,0,0,1,1
1.1,29.93,0,1,1,45,0,3,0,1,2,0
1.6,21.68,0,0,1,52,0,2,0,0,2,1
1.5,25.93,0,0,0,52,0,1,0,1,0,1
1.8,29.36,1,0,0,41,0,0,0,0,2,0
0.1,28.32,0,0,1,31,0,1,1,1,2,0
3.6,16.85,0,1,0,15,0,3,1,0,0,1
2.7,29.3,0,0,0,24,1,4,1,0,1,0
0.4,31.5,0,0,1,52,0,0,1,0,1,1
3.3,23.09,0,1,0,45,0,0,0,0,0,1
3.3,23.18,1,1,0,28,0,4,1,0,2,0
3.3,29.86,1,1,0,19,1,1,0,0,2,0
1.7,25.69,0,0,1,55,0,4,1,0,1,0
0.8,27.12,0,0,1,43,0,0,0,0,2,1
0.7,17.33,0,0,1,19,0,3,0,1,1,1
1.9,18.96,0,1,0,22,1,3,1,0,0,0
0.8,23.69,0,1,0,44,1,1,1,0,2,0
3.2,22.22,0,0,1,36,0,0,1,0,2,1
1.3,30.51,0,0,0,6,0,0,1,0,2,0
3.4,26.13,0,0,1,28,0,0,0,0,2,0
3.8,26.5,1,1,0,40,0,4,1,0,0,0
2.1,28.8,0,0,0,37,1,3,1,0,2,0
0.5,16.33,0,0,0,24,0,4,1,0,0,0
1.6,27.56,0,0,0,17,0,0,0,1,2,1
3.6,18.12,0,0,0,12,1,1,1,0,1,0
3.4,18.26,0,1,1,24,0,0,1,0,0,1
0.3,18.14,0,0,0,14,0,2,1,0,2,0
4.0,24.64,0,0,0,20,0,1,1,0,1,1
2.5,22.37,0,1,1,35,0,0,0,0,2,1
0.6,16.14,0,0,1,39,0,2,0,1,0,1
2.5,27.39,0,0,1,41,0,2,1,0,2,1
0.1,26.61,0,1,1,9,0,0,1,0,0,0
1.3,23.25,0,0,0,16,0,2,0,0,2,1
0.9,22.18,0,1,1,49,0,2,0,1,0,1
3.8,28.17,0,1,1,22,1,1,1,0,0,0
3.7,26.53,0,0,0,52,1,0,0,1,1,0
1.9,17.21,0,1,0,40,0,4,0,0,0,0
3.6,19.42,0,1,1,5,0,2,1,0,2,0
1.9,20.29,0,1,0,20,0,1,0,1,1,1
1.0,28.97,0,0,1,27,0,2,0,0,1,1
2.6,16.43,0,0,0,17,0,1,1,0,1,1
1.9,20.77,1,1,0,25,1,4,1,0,1,0
0.5,21.43,0,0,1,28,0,1,1,0,2,1
1.4,19.47,1,1,1,25,0,3,0,1,2,0
3.9,17.47,0,1,0,46,0,0,0,0,0,1
3.3,30.03,0,1,1,35,1,4,0,0,0,0
1.3,26.53,0,0,1,45,0,2,0,0,2,1
3.4,28.79,0,0,1,25,1,4,0,0,2,0
2.1,18.88,0,1,0,9,0,1,1,1,0,0
0.8,23.64,0,0,1,49,0,0,1,0,1,1
3.7,25.5,0,1,0,39,0,4,1,0,2,0
2.2,20.98,0,0,0,28,0,4,1,0,1,0
3.3,18.11,0,0,0,51,0,4,0,1,1,0
1.5,26.08,0,1,1,25,0,0,1,0,2,1
1.8,20.2,0,0,1,15,1,1,0,0,0,0
2.7,29.11,0,1,0,42,0,3,0,0,2,0
4.0,23.7,0,0,0,37,0,4,0,0,1,0
3.5,31.29,0,0,1,11,1,1,1,0,0,0
1.6,24.89,1,1,1,32,1,1,1,1,2,0
3.8,20.77,0,1,1,29,0,1,1,0,2,1
3.6,20.11,0,1,0,48,0,3,0,0,0,1
3.2,27.33,0,1,1,38,0,2,0,0,0,0
2.5,25.32,0,1,0,13,0,3,1,1,0,0
2.1,26.38,0,0,1,49,0,1,0,1,2,1
1.7,21.41,1,1,0,41,0,3,0,0,2,0
0.5,21.46,0,0,1,18,1,0,1,0,2,0
0.8,30.69,0,1,1,12,0,0,1,1,1,0
0.0,20.24,0,1,1,48,1,3,1,0,1,0
1.0,31.48,0,0,0,44,0,2,1,0,0,1
3.4,19.01,0,1,1,31,0,1,0,0,1,1
0.6,31.29,0,0,1,22,0,0,1,0,2,1
0.1,18.83,0,1,0,18,0,4,1,0,2,0
2.7,17.71,0,0,1,47,0,2,1,0,1,1
3.6,18.73,0,1,1,25,0,0,1,0,1,1
1.7,17.28,0,0,0,34,0,1,0,0,1,1
0.6,21.68,0,0,1,31,0,0,0,0,2,1
2.1,28.25,0,0,1,13,0,4,1,0,2,0
1.2,22.58,0,1,1,50,0,4,0,0,0,0
1.3,25.97,0,1,1,13,0,4,0,1,0,0
0.5,23.56,0,0,1,37,0,1,1,0,1,1
2.8,25.35,0,0,0,44,0,2,1,0,1,1
0.5,27.15,0,0,0,36,0,2,1,0,0,1
2.6,17.62,0,0,1,38,0,4,1,0,0,0
0.8,29.62,0,0,0,15,0,1,0,0,2,1
1.3,28.02,0,1,1,16,1,3,1,1,1,0
2.6,17.26,0,0,1,18,0,0,0,0,1,1
3.1,26.62,0,0,0,53,0,2,0,0,1,0
3.5,17.08,0,1,1,22,1,3,1,1,0,0
3.9,30.11,0,1,0,8,0,1,0,0,2,0
2.6,20.05,0,1,0,16,1,4,1,0,1,0
1.7,20.39,0,0,0,9,0,3,0,0,2,0
0.1,20.66,0,0,0,34,0,0,0,0,1,1
2.3,26.2,0,0,1,8,0,3,0,0,2,0
3.9,30.73,0,0,0,12,0,1,1,0,0,0
3.4,19.15,1,1,0,47,0,2,1,1,1,0
2.3,17.52,0,1,0,55,0,0,0,1,0,1
0.1,20.45,1,0,0,30,0,4,1,0,0,0
3.5,27.86,0,1,0,37,0,0,1,0,0,0
3.7,30.0,1,1,0,26,0,2,1,0,0,0
3.5,29.9,0,1,1,47,0,0,0,0,1,0
1.2,24.3,0,0,1,6,0,0,1,0,1,0
0.2,29.31,1,0,1,50,0,1,1,0,1,1
2.3,19.98,1,0,1,48,0,0,0,0,0,0
0.6,25.05,0,1,1,18,0,1,1,1,1,0
3.0,18.44,0,1,0,50,0,4,0,0,1,0
1.2,19.1,1,0,0,33,0,3,1,0,2,0
2.9,23.22,0,1,1,26,0,0,1,0,0,1
1.3,17.09,0,1,0,13,0,1,1,0,2,0
3.3,17.43,1,0,1,29,0,3,1,0,2,0
2.3,20.47,0,1,1,11,0,1,0,0,0,0
2.7,25.45,0,1,0,38,1,3,0,0,1,0
3.7,29.89,0,1,0,44,0,1,0,0,1,0
2.3,25.86,0,1,1,37,0,4,1,0,1,0
2.6,25.73,0,0,0,42,0,1,0,0,1,1
2.5,22.54,0,0,1,35,1,3,1,1,1,0
3.0,26.05,0,0,0,16,0,4,0,0,1,0
0.5,26.04,1,1,0,33,0,2,0,0,1,1
0.0,27.77,0,0,0,22,0,3,0,0,2,0
2.7,27.08,0,0,1,31,0,3,0,1,0,1
0.9,29.56,0,1,1,44,0,0,0,0,1,1
3.9,25.18,0,0,0,39,0,1,1,0,0,0
0.3,19.88,0,1,1,15,0,4,1,0,1,0
1.5,21.42,0,1,1,41,0,4,0,0,2,0
0.9,29.26,0,1,0,52,0,4,0,0,1,0
1.2,29.66,0,1,0,43,0,3,1,1,0,0
3.5,22.58,1,0,1,38,0,4,0,1,0,0
2.8,17.3,1,0,0,28,0,4,1,1,0,0
1.2,27.64,0,1,1,15,0,1,1,0,0,1
2.8,24.72,0,1,1,36,0,1,1,0,1,1
3.9,18.92,0,1,1,52,0,2,1,1,1,0
3.9,31.51,0,1,1,40,0,0,0,0,0,0
1.6,30.28,1,0,1,34,1,3,1,1,1,0
0.1,26.92,0,0,0,37,0,4,0,0,0,0
3.4,16.57,1,1,1,26,0,4,1,0,0,0
2.2,18.93,0,0,1,33,0,1,1,0,1,1
0.5,31.25,0,1,0,38,0,1,0,0,0,1
1.3,18.36,0,0,1,30,0,1,0,0,1,1
0.8,16.42,1,0,1,10,0,1,1,1,2,0
0.4,30.18,0,0,1,55,0,4,0,1,1,0
2.4,26.81,0,0,1,6,0,3,1,0,2,0
0.7,17.89,0,1,1,35,0,3,0,0,2,0
0.3,25.91,0,1,1,46,0,0,1,0,2,1
3.5,31.5,0,1,0,35,1,2,1,0,0,0
3.0,18.56,0,0,0,7,0,2,1,0,1,0
1.2,23.12,1,0,1,21,0,0,0,0,1,1
0.9,25.42,0,1,1,34,0,1,1,0,0,1
1.5,30.62,0,0,1,41,0,1,1,0,1,0
1.1,26.58,1,1,0,54,1,1,1,0,2,0
2.6,20.64,0,0,0,24,0,1,1,0,2,1
2.4,21.62,0,1,1,15,0,1,0,0,1,1
1.3,25.09,0,1,1,32,0,1,1,0,0,1
0.9,26.49,0,0,1,14,0,0,1,0,1,0
3.5,23.54,1,0,1,32,0,0,0,0,2,0
1.2,16.78,0,1,1,36,0,4,0,0,2,0
2.4,20.4,0,0,0,10,0,1,0,0,1,0
0.1,27.57,0,0,0,50,0,4,0,0,0,0
3.0,17.82,0,0,0,19,0,4,0,1,1,0
3.0,17.7,0,0,0,55,0,4,0,0,0,0
1.7,21.68,0,0,0,17,0,0,1,0,0,1
3.0,21.37,0,1,0,9,0,3,0,0,0,0
0.0,24.72,1,1,0,50,0,0,1,1,2,0
3.0,16.08,0,1,1,40,0,2,0,0,1,1
1.0,24.38,0,0,1,52,0,3,0,0,0,1
3.5,24.79,1,0,1,39,0,4,0,0,2,0
0.9,23.64,0,0,0,19,0,1,0,0,0,1
1.7,26.21,0,0,1,17,0,4,0,0,1,0
2.3,25.82,0,1,0,18,0,4,1,0,2,0
2.7,23.97,1,0,0,19,1,2,0,1,0,0
1.4,30.06,0,0,1,49,0,2,0,0,2,0
1.1,22.3,0,0,1,20,0,3,1,0,1,1
3.5,18.45,1,0,1,18,0,4,0,0,2,0
1.2,19.97,0,1,1,10,0,0,0,0,2,0
3.8,27.6,0,1,0,38,1,0,0,0,0,0
1.9,24.95,0,1,1,46,0,3,1,0,1,1
0.7,16.28,1,1,0,53,0,1,0,0,1,1
0.5,20.26,0,1,1,29,0,1,1,1,2,0
3.3,28.36,1,0,0,14,0,1,0,0,0,0
3.1,31.01,1,0,1,5,0,1,0,0,0,0
1.8,30.39,0,0,0,54,0,1,1,0,1,0
3.2,27.76,0,1,0,8,0,2,0,1,2,0
3.9,23.66,0,1,1,42,0,2,0,1,2,1
3.0,18.14,0,1,1,19,1,3,1,0,1,0
1.5,24.68,0,0,1,29,0,0,0,0,1,1
4.0,31.81,0,1,0,39,0,1,0,0,2,0
1.6,30.95,0,1,0,8,0,4,0,0,1,0
3.3,27.53,1,0,1,45,0,4,0,0,0,0
3.7,28.38,0,1,0,9,0,1,1,0,2,0
2.6,27.64,1,1,1,7,1,2,1,0,0,0
0.4,25.11,0,1,0,39,0,2,1,0,0,1
2.4,26.64,1,1,0,29,0,2,0,0,2,0
3.7,19.27,1,1,1,33,0,4,0,1,0,0
3.4,21.1,1,0,0,25,0,2,1,0,1,0
2.1,30.88,0,1,0,13,0,2,1,0,0,0
2.6,21.6,0,0,0,36,0,1,0,1,0,1
1.3,19.58,0,1,1,22,0,2,0,0,1,1
1.3,27.1,1,1,1,44,0,3,0,1,1,1
0.5,20.0,0,1,1,29,0,4,1,0,0,0
3.1,17.32,0,1,0,55,0,4,0,1,2,0
3.1,29.07,1,1,0,54,1,2,0,0,0,0
2.0,21.24,0,0,1,23,0,3,1,0,1,1
3.6,27.9,0,1,0,40,1,3,1,0,0,0
3.2,20.66,1,1,0,47,0,4,1,0,0,0
3.6,31.67,0,1,1,21,1,2,0,0,1,0
3.9,30.73,0,1,1,12,0,2,0,0,2,0
3.8,17.69,1,1,0,37,0,1,1,0,2,0
3.4,26.45,0,1,1,38,1,4,0,1,1,0
1.5,27.97,0,1,1,22,0,3,1,0,2,0
0.5,22.03,1,1,1,5,0,3,1,0,2,0
3.2,28.63,0,1,1,19,0,1,1,1,2,0
0.6,20.13,0,1,0,44,1,3,0,0,2,0
2.6,23.95,1,0,1,54,0,2,1,0,0,0
0.4,20.24,0,1,1,51,0,2,1,0,0,1
0.8,17.94,0,1,1,53,0,2,1,1,1,0
2.4,16.76,0,1,0,13,1,4,1,0,0,0
0.5,31.49,0,0,1,43,0,3,0,1,0,1
3.3,27.26,0,1,0,22,0,4,1,0,2,0
1.9,23.48,0,0,1,47,1,4,0,1,2,0
2.9,22.03,0,0,1,11,0,1,0,0,0,0
3.0,17.51,0,1,0,15,0,4,0,1,0,0
1.1,24.0,1,1,0,16,0,2,1,0,0,1
0.9,28.73,0,1,0,50,1,2,1,0,1,0
3.7,23.77,1,0,1,34,1,2,1,0,0,0
3.2,16.76,1,0,1,13,0,1,0,0,0,0
0.0,16.87,0,0,1,11,0,3,0,0,2,0
3.5,16.79,0,1,0,51,0,2,1,0,0,1
2.6,28.29,0,0,1,38,0,0,0,1,0,1
1.6,26.93,1,0,0,16,0,4,0,0,0,0
0.1,21.32,0,0,0,14,0,2,0,0,2,0
1.8,29.1,1,1,1,44,0,4,1,0,0,0
2.4,17.37,0,0,1,6,1,2,1,0,1,0
0.8,31.49,0,0,1,44,1,1,0,0,0,0
0.8,29.73,0,1,0,10,1,0,1,1,2,0
0.8,21.38,1,1,0,18,1,2,0,0,0,0
2.8,29.59,0,1,1,18,0,3,1,1,1,0
0.4,18.24,0,1,1,13,0,4,1,0,2,0
3.7,29.45,0,1,0,48,0,2,0,0,1,0
1.3,25.9,1,0,0,40,0,1,0,0,2,1
0.1,17.59,0,1,1,42,1,4,0,0,1,0
0.3,19.21,0,1,0,27,1,1,1,0,0,0
1.1,16.53,0,0,1,23,0,2,0,0,2,1
0.9,31.99,0,0,1,34,0,1,1,0,2,1
1.8,16.52,0,1,1,47,0,4,0,0,0,0
0.1,24.15,0,0,0,24,0,4,0,1,0,0
3.6,20.99,1,0,0,48,0,1,0,0,2,0
3.2,28.79,0,0,1,35,0,1,1,0,1,0
2.9,31.15,0,0,0,19,0,3,0,0,2,0
0.4,18.64,0,1,0,31,0,2,0,0,0,1
2.0,27.93,0,1,0,26,1,3,1,0,1,0
3.4,26.7,0,1,0,29,0,4,0,0,1,0
3.4,30.82,1,0,0,23,0,1,1,0,2,0
3.2,20.29,0,1,0,43,0,4,1,0,2,0
3.3,20.15,0,1,1,49,0,4,1,1,2,0
1.8,28.53,0,0,1,42,0,0,1,1,2,0
3.9,29.04,0,1,0,36,0,4,1,0,2,0
0.5,16.37,0,1,0,17,0,0,0,0,2,1
0.7,28.14,0,0,0,36,0,0,1,0,1,1
3.5,29.19,0,1,1,8,0,0,1,0,1,0
1.4,26.45,0,1,0,6,0,2,0,0,0,0
3.9,24.28,0,0,1,46,0,0,0,0,2,1
0.9,21.54,0,1,0,55,1,0,0,1,0,0
2.4,22.66,1,0,1,22,1,3,0,1,1,0
0.0,17.72,0,1,0,38,1,3,1,0,0,0
3.0,22.91,0,1,0,27,0,4,0,1,2,0
2.5,28.89,0,0,0,37,0,4,1,0,1,0
3.0,17.86,0,1,1,11,0,0,0,0,2,0
2.6,28.41,0,0,0,42,0,0,1,0,1,1
3.1,19.73,0,1,1,46,0,0,1,0,1,1
0.5,16.48,0,0,0,33,0,1,0,1,2,1
3.0,21.71,0,0,1,31,1,4,1,0,0,0
1.6,31.25,0,0,0,21,1,0,0,1,1,0
0.1,18.64,0,0,1,19,0,1,0,0,1,1
3.5,19.03,1,0,0,54,0,0,1,0,0,0
1.6,16.61,0,0,1,20,0,2,0,0,1,1
0.1,26.46,0,1,1,54,1,2,0,0,0,0
0.5,27.63,1,1,1,16,0,0,0,0,1,1
1.2,22.62,0,1,1,31,1,0,0,1,2,0
3.9,16.4,0,0,1,52,0,3,0,0,0,1
1.9,26.6,0,0,0,29,0,4,1,0,1,0
2.4,25.28,1,0,0,41,1,0,0,1,1,0
0.8,16.11,0,1,1,19,0,4,1,1,0,0
0.1,30.53,0,0,1,50,1,1,1,1,0,0
2.3,29.76,1,0,0,50,0,0,0,0,2,0
1.7,23.11,0,1,0,32,0,0,0,0,2,1
1.0,20.08,0,0,0,34,0,3,1,0,0,1
2.9,16.05,0,0,1,40,1,4,1,1,0,0
0.3,26.6,0,0,1,27,0,4,1,0,2,0
1.1,30.52,0,0,0,30,1,3,0,1,1,0
1.4,28.76,1,1,1,7,1,2,1,0,0,0
0.5,27.31,0,0,1,51,0,4,0,0,1,0
2.9,18.96,0,1,1,31,0,4,1,0,2,0
1.6,29.22,0,0,1,9,0,1,0,0,2,0
3.1,23.96,0,1,0,21,0,3,1,1,2,0
2.7,17.3,0,0,1,43,0,1,1,0,2,1
3.8,26.13,1,1,1,12,0,3,0,0,1,0
0.1,20.34,0,1,1,41,0,4,1,1,2,0
0.3,21.7,0,1,0,18,0,4,1,0,2,0
3.3,16.36,1,0,1,17,0,1,0,1,1,0
2.4,27.73,0,0,1,5,1,1,1,0,0,0
3.2,30.3,0,0,1,22,0,1,1,0,2,0
3.6,25.59,0,1,0,10,0,2,0,0,0,0
2.7,26.99,1,1,1,39,0,0,0,0,2,0
3.1,26.36,0,0,1,49,0,1,0,1,1,0
3.5,21.98,0,1,0,20,0,4,0,0,2,0
0.2,21.55,0,1,0,8,0,2,1,0,1,0
2.8,27.17,0,0,1,49,0,3,1,0,2,0
0.8,27.19,0,1,0,27,0,4,1,1,0,0
1.5,17.76,1,1,0,51,1,3,1,0,2,0
1.0,19.33,1,1,1,30,0,0,1,0,2,1
3.2,26.87,0,1,0,32,0,4,1,0,0,0
2.6,25.41,0,0,1,44,0,3,1,0,0,1
2.3,22.27,1,0,0,11,0,3,1,0,2,0
2.7,30.27,0,1,1,48,0,4,0,0,1,0
2.0,17.71,0,1,1,51,0,2,1,0,2,1
3.4,23.93,0,0,0,28,1,4,0,0,1,0
3.6,29.56,0,1,1,25,0,4,1,0,2,0
1.3,23.9,0,1,1,22,0,4,0,0,0,0
1.2,24.12,0,1,0,37,0,2,1,0,0,1
1.2,27.24,0,1,1,12,0,1,1,0,2,0
1.9,21.02,1,0,1,37,0,4,1,0,0,0
2.6,24.68,0,0,1,30,0,0,0,0,2,1
2.0,22.18,0,1,1,17,0,4,1,0,0,0
2.3,31.3,0,1,0,21,0,1,0,0,0,0
2.0,31.67,0,1,0,37,1,1,0,0,2,0
2.3,21.55,0,0,0,39,0,1,0,0,0,1
0.8,16.49,0,1,1,34,0,4,0,0,2,0
0.8,23.3,1,0,1,32,0,0,0,0,1,1
1.7,26.31,0,1,1,54,0,3,0,0,0,1
0.6,18.08,0,0,0,31,0,0,0,0,2,1
0.2,18.22,0,1,0,33,0,1,1,0,2,1
2.5,21.25,0,0,1,37,1,0,0,0,1,0
3.1,20.49,0,0,0,22,1,2,1,0,0,0
2.0,22.02,0,0,1,11,0,1,0,0,2,0
0.6,29.99,1,0,0,33,0,2,1,1,0,0
3.7,19.79,0,1,0,21,0,3,0,0,2,0
3.2,30.08,0,0,1,34,1,2,0,0,0,0
1.3,25.44,0,1,0,34,0,3,0,0,1,1
0.1,17.03,0,0,0,17,1,0,0,0,2,0
2.3,21.17,0,0,1,44,1,0,0,1,0,0
1.1,18.09,0,0,0,17,0,0,1,0,2,1
3.9,27.98,0,0,0,17,0,1,1,0,1,0
0.5,28.81,0,1,0,15,0,3,1,0,2,0
2.8,18.93,1,1,0,18,1,4,0,1,1,0
2.6,21.73,0,0,1,36,0,2,1,0,2,1
2.6,26.62,1,0,1,54,1,1,1,0,2,0
0.5,22.16,0,1,0,35,1,1,1,0,0,0
1.0,24.08,0,0,1,52,0,4,0,0,0,0
2.4,28.76,0,1,1,34,0,0,1,0,2,1
1.8,27.66,0,0,0,36,0,3,0,0,1,1
2.0,30.77,0,0,0,6,0,2,1,0,1,0
0.8,27.63,0,1,0,9,0,4,1,0,1,0
3.6,20.26,0,0,1,50,0,1,1,1,1,0
0.0,30.68,0,0,1,18,1,1,1,0,0,0
1.8,31.63,0,1,1,47,1,0,1,0,1,0
1.9,28.95,0,1,1,43,1,3,1,0,1,0
4.0,24.36,0,0,1,50,0,0,0,0,0,1
3.4,19.06,0,0,0,38,1,2,0,0,0,0
3.1,31.66,1,1,0,29,0,3,0,0,2,0
2.7,21.41,0,1,1,32,0,2,0,0,1,1
1.1,22.59,0,0,1,49,1,4,1,0,0,0
0.1,17.06,0,1,0,34,1,0,0,0,2,0
1.1,28.01,0,0,1,40,0,3,0,1,1,1
1.4,26.07,0,0,0,18,0,4,1,0,2,0
1.2,23.64,0,1,0,49,1,3,0,0,2,0
1.8,19.66,0,1,1,48,0,1,1,0,2,1
2.5,23.47,0,0,0,46,0,1,1,1,1,0
0.1,22.41,0,1,1,44,0,1,1,0,2,1
3.4,27.47,0,0,0,23,0,4,0,0,2,0
3.4,16.38,0,1,1,6,0,2,1,0,0,0
2.1,16.83,0,1,1,18,0,2,0,1,0,1
3.1,18.97,1,1,1,47,0,0,1,0,2,0
3.3,23.42,1,0,1,6,1,2,0,0,2,0
1.5,28.62,0,0,0,55,0,3,0,1,2,0
2.7,21.06,0,0,0,48,0,1,0,0,1,1
3.8,24.99,1,1,0,9,0,2,0,0,0,0
2.1,20.66,1,1,0,8,0,4,1,0,1,0
3.8,28.87,0,0,1,29,0,3,0,0,1,0
2.6,19.65,0,0,1,23,1,4,0,1,0,0
0.3,28.89,0,1,0,29,0,1,0,0,1,1
1.2,29.31,0,1,1,44,0,1,0,0,2,1
3.5,22.4,1,1,1,27,0,0,1,0,1,0
1.6,30.05,0,0,0,38,0,0,0,0,1,0
0.7,18.57,0,1,0,9,0,4,1,0,0,0
0.9,21.26,1,0,1,51,1,3,1,0,0,0
0.4,24.25,1,0,1,16,0,4,1,0,2,0
1.3,21.48,0,1,0,13,0,3,1,0,1,0
1.9,30.19,0,0,1,55,1,4,0,0,1,0
1.4,16.45,0,1,0,16,0,4,0,0,2,0
1.8,24.59,1,1,0,24,1,1,1,1,0,0
3.2,19.56,0,1,1,26,0,4,1,0,2,0
2.6,30.14,0,1,0,19,0,0,1,0,1,0
2.4,19.35,0,1,1,22,1,1,1,0,2,0
0.1,17.69,0,0,1,22,0,3,0,0,1,1
3.2,16.56,0,1,1,14,1,0,1,1,2,0
3.9,17.05,0,1,0,28,1,1,1,0,1,0
0.5,23.3,0,0,0,31,0,3,1,0,1,1
3.9,19.16,0,0,0,14,0,2,0,0,0,0
3.0,20.97,0,0,0,10,0,2,1,0,0,0
1.2,16.64,0,1,0,12,1,1,1,0,1,0
0.3,16.51,0,1,0,18,0,4,0,0,0,0
1.1,26.58,1,0,1,5,0,3,1,0,1,0
3.4,24.31,0,0,1,38,0,1,1,1,2,0
0.5,17.33,0,0,1,40,1,0,1,1,1,0
1.2,30.94,0,0,1,9,0,2,0,0,2,0
1.0,18.8,0,1,0,54,0,1,0,0,1,1
0.9,22.8,0,0,0,21,0,2,0,0,1,1
1.7,20.4,0,0,1,41,1,3,0,1,0,0
1.1,18.97,0,1,0,52,0,2,0,1,0,1
2.9,28.39,0,0,0,21,0,3,1,0,0,1
2.5,23.36,0,0,0,14,0,2,0,0,2,0
1.7,17.99,1,1,0,8,0,0,0,1,0,0
1.7,19.6,0,1,1,8,0,3,0,0,2,0
3.7,25.59,0,1,1,21,0,1,0,0,0,0
2.4,29.19,0,1,1,36,0,0,0,0,0,1
0.0,26.12,0,1,0,21,1,0,1,0,2,0
3.2,27.08,1,1,1,29,1,4,0,0,0,0
0.3,19.48,0,1,0,34,0,4,0,1,1,0
2.2,17.46,1,1,1,16,0,2,1,0,1,0
2.1,24.83,0,1,1,35,0,0,1,1,2,0
0.7,27.51,1,0,1,27,0,4,0,0,2,0
0.3,26.75,0,0,0,36,0,1,1,0,0,1
1.2,17.12,1,0,0,41,0,2,1,0,0,1
0.5,24.45,0,0,0,38,0,1,0,1,0,1
1.9,28.65,1,0,1,21,0,4,0,0,2,0
0.7,18.15,1,1,0,50,0,1,0,0,0,1
3.2,24.74,0,1,0,6,0,2,1,0,1,0
3.3,16.11,0,0,0,16,1,1,1,0,1,0
2.4,27.21,0,0,0,7,0,4,1,0,1,0
3.7,29.61,0,0,0,21,1,4,1,0,0,0
1.2,29.81,0,1,1,40,0,3,0,0,1,1
0.6,26.81,0,0,1,37,0,0,1,0,2,1
0.1,30.17,0,0,0,39,0,4,0,0,2,0
0.2,29.0,0,0,0,11,0,0,1,0,1,0
2.5,21.37,1,0,1,35,0,3,1,0,0,0
2.3,26.96,0,0,0,36,1,1,0,0,0,0
1.6,29.31,0,1,1,5,1,0,1,0,1,0
0.1,20.74,0,0,1,26,0,0,0,0,2,1
3.8,16.41,0,1,0,22,1,3,0,0,1,0
1.9,19.7,0,1,1,6,0,0,0,0,0,0
2.9,21.19,0,0,0,32,0,0,1,0,1,1
1.2,16.49,0,0,1,47,0,2,1,0,1,1
3.8,20.2,0,1,0,13,0,2,0,1,0,0
2.3,29.69,0,1,1,36,0,4,1,1,2,0
3.9,22.11,0,1,0,8,0,4,0,0,2,0
2.4,26.58,0,1,0,41,0,4,1,1,0,0
1.6,18.82,0,0,0,14,0,1,0,0,1,0
3.2,23.9,0,0,0,11,0,3,0,0,1,0
0.4,16.62,0,1,1,25,0,1,1,0,1,1
0.1,16.54,0,0,1,51,1,4,1,1,1,0
3.0,28.2,0,0,1,8,0,2,1,1,1,0
2.2,22.45,0,0,0,44,0,1,1,1,0,0
1.6,29.85,0,1,0,46,0,2,0,0,0,1
1.9,25.37,0,0,0,24,0,2,0,0,0,1
2.6,16.01,0,1,1,11,0,0,0,0,1,0
3.5,31.27,0,1,0,26,0,0,1,0,1,0
1.1,19.17,0,1,0,16,0,1,1,0,0,1
3.1,28.17,0,0,1,23,0,1,0,0,1,0
1.9,17.47,1,0,0,18,0,1,0,0,1,0
3.8,29.18,0,0,1,49,0,4,0,0,2,0
2.8,30.2,0,0,1,12,0,4,1,0,2,0
2.8,26.21,0,1,0,49,1,2,1,0,2,0
0.3,21.77,0,1,1,9,0,0,1,0,1,0
1.3,26.85,0,0,1,55,1,4,0,1,0,0
1.2,19.8,0,0,0,5,0,3,1,0,1,0
0.7,27.32,1,1,0,47,0,1,1,0,2,1
1.7,23.61,0,0,1,16,0,1,0,0,0,1
1.8,21.35,0,1,0,32,0,3,1,0,1,1
2.5,23.1,0,1,0,36,0,4,0,0,0,0
1.9,26.51,0,0,1,45,0,2,0,1,1,1
1.1,30.3,0,0,0,5,0,0,0,0,0,0
0.5,28.36,0,1,1,45,0,2,1,1,2,0
0.4,24.0,0,1,1,47,0,4,1,0,1,0
0.7,24.23,0,0,0,26,0,2,1,1,0,0
3.9,26.47,1,0,1,10,0,1,0,0,2,0
1.1,25.2,1,1,1,31,0,3,1,1,1,0
3.6,26.65,0,0,0,34,0,1,0,0,0,0
2.3,25.22,1,0,1,7,0,2,0,0,1,0
1.3,16.66,0,0,0,43,0,4,1,0,0,0
1.1,26.44,0,0,1,49,0,3,0,1,2,0
3.0,25.45,0,1,1,18,0,0,0,0,0,1
2.2,17.21,0,0,1,27,1,4,0,0,1,0
0.2,28.12,0,1,0,20,0,3,0,0,1,1
0.9,31.43,0,0,0,9,0,2,1,0,2,0
1.6,21.45,0,0,0,14,0,1,1,0,2,0
2.1,19.07,0,1,1,36,1,0,1,0,2,0
2.1,23.65,0,0,0,24,0,2,0,0,1,1
3.4,31.81,0,0,0,37,0,3,1,0,1,0
1.5,25.71,0,1,1,25,0,3,1,0,2,0
0.7,17.34,0,1,0,52,0,2,1,0,0,1
2.0,31.7,1,0,0,32,0,3,1,0,0,0
3.4,24.26,0,0,0,27,0,3,1,1,2,0
0.3,17.53,0,1,0,40,0,1,1,0,1,1
1.4,27.05,0,0,0,34,0,3,0,0,0,1
2.1,25.11,0,0,1,36,0,2,0,0,0,1
2.5,23.94,1,1,0,29,0,1,1,0,1,0
1.2,20.33,0,1,1,37,1,2,1,0,2,0
2.2,26.92,1,0,0,39,1,1,1,0,0,0
3.3,25.75,0,1,1,46,0,2,1,0,2,0
2.9,16.55,0,1,0,26,1,3,0,0,1,0
2.1,18.55,0,0,1,20,0,1,0,1,2,1
1.6,24.13,0,0,0,54,0,1,0,0,0,1
1.6,18.27,0,0,0,13,0,0,1,0,0,0
1.6,20.72,1,1,1,47,0,2,1,0,2,0
3.4,24.84,0,1,1,34,1,0,1,0,2,0
0.7,17.8,0,0,1,10,0,1,0,0,2,0
0.3,24.69,0,1,1,35,0,2,1,0,1,1
1.6,24.53,0,1,0,7,0,1,1,1,2,0
0.4,24.2,0,1,1,55,1,1,1,0,2,0
3.4,22.91,0,0,1,26,0,0,0,1,0,1
3.9,27.96,1,0,1,31,0,1,1,0,1,0
2.9,29.62,0,1,1,46,0,4,1,0,2,0
2.8,31.77,1,1,1,51,0,3,0,0,2,0
0.6,26.9,0,0,1,41,0,0,0,0,1,1
0.3,18.92,0,0,0,17,0,3,1,0,1,1
1.6,19.25,0,1,1,52,0,3,0,1,1,1
2.3,25.39,0,0,0,20,0,1,0,0,1,1
3.1,20.84,0,0,0,19,0,4,1,0,2,0
3.1,26.12,0,0,1,45,0,2,0,0,0,0
1.3,26.68,0,0,0,34,0,3,0,0,0,1
1.5,19.3,0,1,0,45,0,0,1,0,2,1
0.2,28.43,0,1,0,35,0,3,0,0,1,1
3.2,18.35,1,1,1,51,0,3,0,0,0,0
2.2,31.82,0,0,0,30,0,2,0,1,2,0
0.2,19.49,0,1,0,51,0,0,1,0,1,1
1.0,31.32,0,1,1,15,0,0,1,0,0,1
0.4,20.27,1,1,0,36,0,2,0,0,2,1
0.7,23.75,0,0,0,12,0,2,0,0,1,0
1.4,28.67,1,0,1,51,1,1,1,1,2,0
1.8,23.8,0,0,1,32,1,4,0,0,1,0
1.6,22.45,1,1,0,16,0,1,1,0,1,0
0.6,24.8,0,0,1,23,0,1,1,0,1,1
3.6,22.18,0,1,0,24,0,1,0,1,1,1
0.1,28.29,1,1,1,51,1,4,0,0,2,0
1.8,31.64,0,0,1,31,0,2,0,0,1,0
1.9,29.94,0,1,0,30,0,2,0,0,1,1
1.7,31.41,1,0,1,9,0,0,1,0,0,0
3.5,20.94,0,0,0,31,0,3,1,0,1,1
3.6,30.91,0,1,1,33,1,3,0,0,1,0
2.8,27.37,0,1,0,38,0,4,0,1,0,0
0.9,19.7,0,0,1,30,0,3,1,0,2,0
0.6,20.66,0,1,0,51,0,2,1,0,0,1
3.4,17.83,0,0,1,52,1,3,1,0,2,0
2.6,16.56,0,1,1,46,0,4,0,0,2,0
2.3,20.22,0,1,1,54,0,2,0,0,1,1
2.7,31.72,0,0,0,29,0,4,0,0,1,0
1.2,30.38,0,0,1,15,0,4,0,0,2,0
0.9,17.35,0,0,1,39,0,0,1,0,0,1
2.9,25.05,0,0,1,25,1,0,0,0,2,0
3.9,27.85,1,1,1,10,0,3,1,1,0,0
2.0,23.54,0,0,1,34,0,0,0,0,1,1
1.1,19.03,0,0,1,54,0,3,0,0,0,1
1.3,26.99,0,0,0,17,0,4,1,0,0,0
1.2,23.2,0,1,1,45,0,3,0,0,1,1
2.3,16.67,1,0,1,16,1,1,1,0,0,0
2.1,27.87,0,1,0,10,1,3,1,0,0,0
3.3,22.37,1,0,1,40,0,4,1,0,0,0
2.1,20.12,0,1,0,51,1,2,0,0,1,0
0.8,28.59,0,1,0,5,1,2,0,0,0,0
1.2,24.06,0,0,0,13,1,3,0,0,1,0
2.6,23.3,0,0,1,55,0,0,1,0,1,1
2.9,23.53,0,1,0,31,0,2,1,0,0,1
3.5,19.13,0,1,1,8,0,1,1,0,1,0
3.5,25.67,0,0,0,47,1,4,0,0,0,0
3.6,26.05,0,1,1,47,0,3,0,0,1,0
1.3,19.91,0,1,1,6,0,1,1,0,0,0
0.0,20.88,0,0,1,38,0,1,0,0,0,1
3.2,21.75,1,0,1,52,0,0,1,0,0,0
1.5,21.87,0,0,0,5,0,2,0,0,1,0
2.6,29.49,0,1,1,38,1,3,0,0,0,0
1.7,26.77,0,0,0,13,0,3,0,0,1,0
1.7,16.75,1,1,1,33,0,1,0,1,1,0
0.8,17.45,0,0,0,15,0,3,1,1,2,0
3.2,24.45,1,0,1,53,0,3,1,0,0,0
3.4,23.19,0,0,1,43,0,3,1,1,1,0
0.3,30.89,1,1,0,49,0,1,1,0,2,1
1.8,18.94,0,1,1,8,0,0,0,0,2,0
2.9,17.23,0,1,0,26,0,2,1,0,1,1
0.6,27.08,0,1,1,21,0,4,0,0,2,0
1.2,27.11,0,0,0,20,1,4,0,1,1,0
2.1,28.6,0,1,1,50,0,1,0,1,2,1
2.3,16.11,0,0,1,32,1,4,1,0,1,0
0.1,17.68,0,0,1,11,0,1,1,0,2,0
1.5,21.9,0,1,1,43,1,0,1,0,1,0
1.1,18.7,0,0,1,32,1,1,1,0,1,0
2.6,21.9,0,0,1,17,0,2,1,0,0,1
2.4,26.97,0,0,1,5,0,1,1,0,1,0
1.8,23.24,0,1,1,52,0,3,0,0,0,1
2.2,27.76,0,0,1,16,0,2,1,0,0,1
0.8,30.02,0,1,1,41,0,4,1,1,1,0
3.7,19.14,0,1,0,9,1,4,0,0,2,0
1.9,16.77,0,1,1,17,1,4,1,1,1,0
1.5,25.62,0,1,1,50,0,0,0,1,1,1
2.1,20.62,0,0,1,40,0,2,1,0,1,1
2.2,17.83,0,0,0,34,1,3,0,0,1,0
2.9,29.23,0,1,1,41,0,3,1,0,0,1
3.3,19.75,0,1,0,38,1,2,0,1,2,0
0.5,24.46,0,0,0,19,0,1,1,0,2,1
3.9,27.83,1,1,1,38,1,3,0,0,1,0
2.8,28.93,0,0,0,19,0,1,1,0,2,1
0.5,22.47,0,1,0,27,0,4,1,0,0,0
2.5,19.03,0,1,1,50,0,3,1,0,2,0
2.8,19.7,0,1,0,41,0,4,1,0,2,0
0.4,27.94,0,1,1,23,0,3,1,0,0,1
2.0,27.38,0,1,1,8,1,3,1,0,0,0
2.1,16.01,0,1,0,18,0,3,1,1,2,0
0.5,21.45,0,0,1,34,1,3,0,0,2,0
3.7,20.54,0,0,1,16,0,3,1,0,0,1
3.0,21.75,0,1,0,54,0,1,0,0,0,1
2.6,31.72,0,0,1,50,0,2,0,0,0,0
1.7,18.3,1,0,0,52,0,2,1,1,0,0
3.3,25.57,0,1,0,21,0,2,0,0,0,0
3.0,16.84,0,1,0,27,1,0,1,1,2,0
1.4,29.52,0,1,0,20,0,1,0,0,0,1
2.2,29.44,1,1,1,38,0,0,1,0,1,0
3.1,18.16,0,1,0,48,0,2,1,1,2,0
0.5,21.91,0,1,0,15,0,4,1,0,1,0
2.2,23.37,0,1,1,51,0,1,1,0,0,1
2.8,27.59,0,0,1,34,0,4,1,0,1,0
0.8,19.98,1,1,1,15,0,1,0,1,0,1
3.9,22.1,0,0,1,31,0,0,1,0,0,1
0.1,22.47,0,0,0,9,0,0,1,0,2,0
3.8,28.9,0,0,1,24,1,4,1,0,2,0
3.7,20.35,0,1,1,23,0,3,0,0,0,1
2.2,19.58,0,1,1,14,0,0,1,0,2,0
0.9,26.04,0,0,0,40,0,0,1,1,0,0
2.3,21.79,0,0,0,30,0,2,1,1,2,0
1.1,22.14,0,1,0,32,0,0,0,0,0,1
0.9,29.44,0,1,1,43,0,1,0,0,1,1
3.7,26.89,0,0,0,20,0,0,0,0,2,0
0.7,31.75,0,0,1,22,0,3,1,0,2,0
3.7,26.44,0,0,0,31,0,0,1,1,2,0
2.2,29.49,0,1,0,11,0,1,0,0,0,0
2.8,30.97,0,0,1,12,0,3,1,0,2,0
0.8,16.92,0,0,1,50,0,3,0,0,2,0
2.1,21.94,0,0,0,40,0,4,1,0,2,0
0.3,21.72,0,0,1,14,0,2,0,0,0,0
1.5,26.33,0,1,1,8,0,3,0,0,2,0
2.1,28.1,0,0,0,33,0,3,1,0,0,1
2.3,17.31,0,1,0,15,0,3,1,0,1,1
3.5,28.19,0,1,0,33,0,2,0,0,0,0
0.5,18.43,0,1,0,34,0,0,1,0,1,1
1.0,16.82,0,1,1,39,0,1,1,0,2,1
3.7,28.13,0,1,1,29,0,0,1,0,1,0
2.1,23.47,0,1,0,24,0,0,1,0,2,1
1.8,20.12,1,0,1,40,0,1,0,0,0,0
2.7,25.77,0,1,1,29,0,4,1,0,2,0
0.4,24.48,0,1,1,24,0,2,0,0,2,1
3.9,17.07,0,1,0,12,0,3,1,0,0,0
1.8,17.42,0,1,0,17,1,3,0,0,2,0
3.0,20.51,0,0,0,28,0,0,1,1,1,0
3.0,30.57,0,1,0,26,0,4,1,1,2,0
3.8,21.0,0,0,1,20,0,0,1,0,2,1
1.3,22.68,0,0,1,14,0,0,0,0,0,0
1.1,20.57,0,0,0,11,0,3,0,0,2,0
1.6,28.9,0,1,0,19,1,2,1,1,1,0
2.4,16.57,0,1,0,20,0,2,0,0,0,1
2.0,27.88,0,0,1,47,0,2,0,0,1,1
0.3,24.92,0,1,0,28,1,1,0,0,0,0
2.3,24.93,1,0,1,28,0,2,0,0,0,0
1.2,18.73,0,0,1,14,0,0,0,0,0,0
3.2,27.13,0,0,0,38,0,4,0,0,2,0
0.5,21.84,1,0,1,9,0,1,0,0,2,0
0.9,28.96,0,1,1,26,0,0,0,1,2,1
2.8,31.25,1,0,1,21,0,0,0,0,0,0
3.8,16.86,0,1,1,24,1,4,1,0,2,0
0.5,16.94,0,0,0,20,1,4,1,0,0,0
2.0,26.67,0,0,1,30,0,4,0,0,1,0
0.4,28.36,0,0,1,37,0,1,1,0,0,1
0.1,26.54,0,0,0,41,0,0,1,0,1,1
2.5,22.87,1,1,1,52,0,4,1,1,0,0
1.5,24.97,0,1,1,40,1,1,1,0,0,0
1.1,20.42,0,1,1,28,1,4,0,0,1,0
3.4,19.04,1,1,1,31,0,3,1,1,1,0
1.2,31.54,0,1,0,30,0,1,1,0,1,0
0.5,25.46,0,0,0,34,0,0,0,0,1,1
2.1,19.53,0,0,0,28,0,4,0,0,2,0
3.8,17.35,1,1,1,22,0,2,0,0,2,0
2.9,19.11,0,0,0,21,1,3,0,0,2,0
0.8,25.9,0,0,1,43,0,0,0,0,2,1
2.7,29.39,0,0,1,28,0,1,0,1,2,1
2.9,24.3,0,0,1,27,0,1,1,0,0,1
1.2,25.31,0,1,1,37,0,4,0,0,0,0
2.5,17.9,0,0,0,20,0,2,0,0,2,1
1.8,24.42,0,0,1,10,0,3,1,1,1,0
2.3,17.63,0,1,0,37,1,2,0,0,0,0
3.1,23.01,0,1,1,49,0,1,0,0,2,1
1.5,17.16,0,1,1,41,0,3,0,0,1,1
1.2,21.44,1,1,0,35,1,2,1,0,1,0
3.5,18.31,0,1,0,10,1,1,1,0,0,0
0.2,26.62,0,1,1,32,0,0,0,0,0,1
2.5,17.3,1,1,0,46,1,2,1,1,2,0
3.0,21.31,1,0,1,38,0,2,0,0,1,0
