3.0,30.49,0,1,1,39,0,4,0,1,1,0
4.0,29.49,0,1,1,43,0,2,1,0,1,0
3.8,29.6,0,0,1,54,0,3,1,0,2,0
3.3,22.47,0,0,1,26,0,0,0,0,1,0
2.9,18.09,0,1,1,6,0,0,0,1,2,0
0.6,31.23,1,1,0,48,0,3,0,1,1,0
3.1,17.63,0,0,1,45,0,2,0,1,0,0
1.8,19.64,0,1,0,48,0,2,0,1,2,0
3.9,29.72,0,0,1,14,0,1,0,0,0,0
0.8,30.16,0,1,0,26,0,0,1,0,0,0
1.8,18.03,1,0,1,50,0,3,1,1,1,0
3.0,28.06,0,1,0,43,0,1,0,0,2,0
1.4,24.82,1,0,0,45,0,0,1,0,0,1
1.2,22.93,1,0,0,30,0,4,0,1,2,0
1.8,28.97,0,1,1,43,0,0,0,0,1,0
0.4,25.35,0,0,1,34,0,3,1,0,1,1
3.2,22.3,0,1,1,16,0,4,0,1,2,0
1.4,24.52,0,0,1,47,0,2,0,0,2,1
1.2,22.82,0,0,0,43,0,1,0,0,2,1
0.4,27.3,0,1,1,6,0,4,1,0,2,0
2.4,28.32,0,0,0,14,1,0,1,0,1,0
3.7,30.0,0,1,0,42,1,2,0,0,0,0
3.6,22.55,0,0,1,26,0,1,1,1,2,0
3.3,30.44,0,0,0,42,0,4,1,0,2,0
2.9,18.04,1,1,1,24,0,2,1,0,0,1
3.0,22.82,0,1,1,44,0,2,1,0,0,1
3.4,30.26,0,0,0,20,0,1,0,1,2,0
0.9,18.93,0,0,0,51,0,4,0,0,0,0
2.3,20.92,0,1,1,13,0,0,0,0,2,0
2.7,16.8,0,0,0,5,1,2,1,0,0,0
3.9,20.82,0,0,1,29,0,0,0,1,1,0
2.1,16.14,1,1,1,9,0,0,0,0,2,0
3.7,28.36,0,0,1,6,0,2,1,0,2,0
2.2,17.88,0,0,0,51,0,4,0,0,2,0
1.9,31.88,0,1,0,50,0,0,0,0,1,0
1.8,27.59,1,0,1,52,0,3,1,1,2,0
0.3,21.82,1,1,1,25,0,0,0,1,2,0
0.8,27.11,0,0,1,40,0,1,0,0,2,1
0.7,27.47,0,1,1,30,0,0,0,0,2,1
0.9,31.49,0,1,0,6,0,1,0,1,0,0
0.8,32.0,1,1,1,10,0,3,0,0,1,0
3.1,30.23,0,0,1,33,0,1,0,0,2,0
3.4,30.45,0,1,1,22,1,2,1,0,1,0
3.8,17.56,1,0,0,7,0,3,1,0,0,0
0.5,21.94,0,1,1,55,0,0,1,0,0,1
3.1,28.77,0,0,1,40,0,1,1,1,1,0
0.4,26.75,0,1,1,44,1,4,0,0,1,0
0.6,29.99,1,1,0,41,0,2,0,0,1,0
3.9,28.58,0,1,1,6,1,1,0,0,1,0
0.1,28.85,1,1,0,14,0,1,1,0,2,0
0.5,31.74,0,1,0,37,1,0,1,0,1,0
2.3,27.66,0,0,1,31,0,3,1,0,0,1
0.2,27.59,0,0,1,49,0,3,0,0,0,1
1.3,20.01,0,0,1,33,0,4,1,0,2,0
1.1,17.46,0,0,1,40,0,2,1,0,2,1
0.6,28.31,0,0,1,29,1,3,0,0,0,0
0.9,30.2,1,1,1,51,0,1,0,0,2,0
3.2,24.12,0,1,1,30,0,0,0,0,0,0
3.5,24.24,0,0,1,41,0,1,1,0,2,0
1.6,19.12,1,0,0,39,0,4,0,0,1,0
2.0,25.27,0,0,0,14,0,1,0,0,0,0
0.2,16.39,0,0,1,49,0,3,1,0,0,1
0.7,29.66,0,1,0,32,1,4,1,0,2,0
2.5,30.64,0,0,1,34,0,2,0,0,0,0
2.9,18.19,0,1,1,51,0,1,1,0,1,1
3.3,26.3,0,1,1,37,0,0,1,0,2,0
3.8,25.3,0,1,0,24,0,1,1,0,0,0
0.4,20.52,0,1,0,19,0,1,1,0,2,1
2.9,21.33,1,0,1,48,0,4,1,0,1,0
3.6,16.43,0,1,0,5,0,4,0,1,0,0
2.6,22.42,0,0,0,44,0,2,1,0,2,1
0.9,29.67,0,0,1,15,0,4,1,0,1,0
0.0,16.98,0,1,1,20,0,1,1,0,1,1
0.8,28.34,0,0,0,5,0,0,1,1,2,0
1.1,17.83,0,1,1,52,0,3,1,1,0,0
2.5,18.16,0,0,1,48,1,4,1,0,0,0
1.9,16.92,0,1,1,38,1,2,0,0,1,0
2.3,20.34,0,1,1,38,0,4,0,0,0,0
0.1,30.49,0,1,0,25,0,0,1,0,2,0
0.6,23.37,0,1,1,31,0,2,0,0,1,1
0.4,27.24,0,1,0,32,1,2,0,0,1,0
0.4,16.5,0,1,1,52,0,2,1,0,1,1
2.0,27.2,0,1,0,16,0,3,0,1,1,0
2.7,25.59,0,1,1,19,1,4,1,0,1,0
2.5,23.01,0,1,0,9,0,3,0,1,2,0
0.1,19.27,0,1,0,41,0,1,1,0,0,1
2.4,27.88,0,0,1,13,0,0,0,0,0,0
2.8,16.46,0,0,0,51,0,2,0,0,0,1
3.8,27.98,0,0,1,22,0,1,0,0,1,0
2.9,19.83,0,0,1,19,1,0,1,0,2,0
3.6,18.8,0,0,1,46,0,2,1,1,0,0
2.8,16.23,0,0,0,27,0,0,1,0,0,1
3.4,22.63,0,1,0,44,0,2,0,0,0,0
2.9,29.97,0,1,0,23,0,2,1,0,0,0
0.4,31.89,0,1,0,10,0,3,0,1,0,0
1.0,25.69,0,1,0,38,1,4,0,0,0,0
0.5,16.56,0,0,1,36,0,4,0,0,0,0
3.2,27.15,0,1,0,12,0,0,1,1,2,0
2.5,21.7,0,1,1,21,0,0,0,0,1,1
1.9,16.35,0,1,0,14,0,2,0,0,1,0
1.9,24.39,0,0,0,43,0,0,1,0,0,1
3.6,17.91,0,0,1,44,0,2,0,0,0,0
2.3,21.44,0,1,1,30,0,2,0,0,2,1
0.2,27.29,0,0,0,35,1,4,1,0,2,0
3.0,21.96,1,0,0,26,0,4,0,0,1,0
3.6,26.4,0,1,1,54,0,0,1,0,1,0
0.2,24.07,0,1,1,14,0,3,1,0,0,0
3.3,18.49,1,0,0,9,1,0,0,0,2,0
2.6,30.57,0,0,1,23,1,2,1,0,0,0
2.7,30.13,0,1,1,16,1,1,1,0,0,0
3.6,31.88,0,0,1,16,0,0,1,0,1,0
3.9,25.53,1,0,1,41,0,2,1,0,1,0
0.0,30.97,0,0,0,37,0,0,1,0,2,0
3.7,20.78,0,0,0,36,1,0,0,0,2,0
0.4,26.21,0,0,1,6,0,4,1,1,0,0
2.9,18.11,0,0,0,52,0,2,1,1,1,0
2.2,29.56,0,1,0,5,0,2,0,1,2,0
3.4,16.6,0,0,1,51,0,1,1,0,0,0
1.1,19.12,0,0,0,20,0,2,0,0,1,1
2.5,28.06,0,0,0,26,0,4,0,0,0,0
1.9,28.71,0,1,0,9,1,1,0,0,0,0
1.4,18.47,0,1,0,9,1,4,0,0,1,0
2.6,26.57,0,0,0,9,0,0,1,0,0,0
2.4,20.2,0,1,0,30,0,1,0,0,1,1
0.6,29.08,0,0,0,5,0,2,0,0,0,0
2.1,16.98,0,0,1,15,0,0,1,0,2,1
2.0,29.1,1,1,0,33,0,2,1,0,1,0
2.6,28.62,0,0,1,12,0,0,1,0,2,0
1.2,25.18,0,0,1,26,0,0,1,0,2,1
1.0,27.18,1,1,1,53,0,4,0,0,1,0
1.5,27.78,0,0,0,36,1,3,0,0,0,0
1.8,21.5,0,0,0,7,0,3,1,0,1,0
0.6,17.81,0,1,0,38,0,4,1,0,0,0
2.9,29.32,0,1,0,55,0,1,0,1,1,0
2.2,28.81,0,1,1,51,0,4,1,0,0,0
0.8,30.48,0,0,1,11,0,4,1,0,0,0
1.1,25.93,0,0,1,11,0,4,1,0,0,0
3.6,23.05,0,1,1,29,0,2,1,1,1,0
0.9,26.65,0,0,1,52,0,3,1,0,2,1
2.3,25.34,0,1,0,46,0,2,0,0,1,1
2.4,19.33,0,0,0,28,0,3,0,1,1,0
3.5,26.44,0,0,0,36,0,2,0,0,1,0
3.2,22.7,1,1,0,7,0,3,1,0,0,0
3.7,17.12,0,1,1,10,0,3,0,0,1,0
3.7,21.77,1,1,1,41,0,0,1,0,0,0
0.5,31.22,0,0,1,7,0,2,1,0,0,0
1.6,17.74,0,0,1,52,0,3,1,1,1,0
2.2,31.06,1,1,0,27,1,2,0,1,0,0
2.7,21.31,0,1,0,34,0,3,1,0,1,1
3.4,30.81,1,1,0,47,0,0,1,1,1,0
3.7,29.89,0,1,1,5,0,2,1,0,2,0
0.7,23.13,0,0,0,27,0,4,0,1,1,0
1.4,19.89,1,1,0,5,0,0,0,0,1,0
0.9,23.81,0,1,0,28,0,3,1,0,1,1
0.4,18.71,0,0,1,13,0,1,1,0,2,0
0.8,27.24,0,1,0,24,1,1,0,0,0,0
3.7,28.49,0,0,0,50,0,3,1,0,1,0
2.0,25.03,0,0,1,7,0,0,0,0,2,0
2.8,31.77,0,0,0,40,1,1,0,0,0,0
1.0,30.34,0,0,1,42,0,2,0,0,0,0
0.2,28.05,1,1,0,55,0,1,0,0,1,0
3.3,27.42,0,0,0,37,1,0,0,0,1,0
1.4,21.78,0,1,1,14,0,1,1,0,1,0
3.2,24.31,0,1,0,5,0,1,1,1,0,0
2.0,25.94,0,0,0,31,0,2,1,0,1,1
3.5,27.63,0,0,0,55,0,1,1,0,2,0
1.2,20.24,0,1,0,28,0,0,1,0,2,1
1.6,27.84,0,1,1,34,1,0,0,0,2,0
2.1,20.98,1,0,1,50,1,0,0,0,1,0
2.5,22.82,0,0,0,9,0,2,0,0,2,0
2.4,30.77,1,1,0,20,0,2,1,0,2,0
0.6,22.78,0,0,0,40,0,0,1,0,0,1
3.6,23.47,0,0,1,52,0,1,0,0,0,0
2.6,18.83,0,0,1,27,0,0,0,0,2,1
3.2,29.52,0,1,0,49,1,4,0,0,2,0
0.7,31.25,1,0,1,19,1,1,1,0,0,0
2.4,26.29,0,1,0,54,0,3,0,0,1,1
0.6,16.91,0,0,1,39,0,1,1,0,1,1
3.2,24.73,1,1,1,45,0,0,0,1,2,0
0.0,21.26,0,1,1,53,0,4,0,0,0,0
1.4,31.68,1,1,1,10,1,1,0,0,2,0
1.0,30.45,0,0,1,27,0,1,1,0,2,0
1.9,21.46,0,0,0,10,0,2,1,0,1,0
2.2,27.41,0,0,1,28,1,1,0,0,1,0
2.6,27.5,0,0,0,21,0,1,1,1,1,0
0.4,27.15,0,0,0,45,0,3,1,1,0,0
2.9,16.52,0,1,1,25,0,0,0,0,2,1
2.3,21.65,0,0,0,12,0,3,0,0,2,0
2.6,18.18,0,1,0,28,0,4,0,1,0,0
0.9,24.16,0,0,1,44,0,0,1,0,0,1
3.5,25.99,0,1,1,22,0,1,0,0,1,0
3.7,21.55,1,0,0,8,0,3,1,0,0,0
2.3,20.53,0,1,0,39,0,0,1,0,2,1
0.0,31.24,0,0,0,31,0,3,1,0,1,0
3.5,19.59,1,0,0,22,1,3,1,1,2,0
3.8,19.21,1,1,0,50,0,1,0,1,2,0
3.0,21.04,0,0,0,20,0,4,1,0,2,0
0.6,26.73,0,1,0,50,1,1,1,0,2,0
0.2,26.98,0,0,1,37,0,2,1,1,0,0
3.1,18.81,0,1,0,28,0,4,1,0,2,0
3.0,24.81,0,0,1,22,0,1,1,0,0,1
0.9,28.42,0,0,1,51,0,0,1,0,2,0
2.5,31.03,0,1,1,36,0,3,0,0,0,0
3.2,24.78,0,1,0,54,1,1,1,1,2,0
3.7,30.68,0,0,0,29,0,4,1,0,1,0
2.0,25.19,1,1,1,30,0,0,1,0,0,1
3.9,22.08,1,0,0,37,1,4,1,0,2,0
1.8,29.25,0,0,0,25,1,3,0,1,1,0
0.2,29.98,0,0,1,55,0,0,1,0,0,0
1.0,28.62,0,1,0,16,1,1,1,0,0,0
3.1,21.95,0,1,1,38,0,3,0,0,2,0
3.6,27.14,0,0,1,15,1,2,0,0,2,0
2.6,24.62,0,0,1,50,0,3,1,0,2,1
3.2,26.32,0,0,1,6,0,2,1,1,0,0
2.4,20.91,0,1,0,46,1,2,0,0,0,0
2.0,21.5,1,0,0,29,0,1,0,0,0,1
0.4,19.28,0,1,1,9,0,0,1,1,2,0
3.0,22.02,0,1,1,16,0,0,1,0,0,1
1.8,30.87,0,0,1,38,0,4,0,0,2,0
1.3,24.43,0,1,0,8,0,2,1,1,1,0
2.9,27.62,0,0,1,27,0,4,1,0,0,0
1.7,23.91,0,1,0,45,0,1,0,0,2,1
3.7,29.47,0,1,0,44,0,4,1,0,1,0
2.8,24.57,0,1,1,35,1,0,0,1,2,0
2.9,20.26,1,1,1,12,1,3,1,0,1,0
3.2,28.22,0,0,0,7,0,2,0,0,2,0
3.3,26.0,0,1,1,34,1,4,1,0,1,0
3.8,26.31,1,1,1,46,0,1,0,0,2,0
3.7,17.53,0,1,1,38,1,3,0,0,0,0
4.0,31.71,0,1,0,19,0,4,1,0,2,0
0.2,21.4,0,0,1,5,0,3,1,0,1,0
1.9,29.81,0,1,0,36,0,0,0,0,0,0
0.9,26.04,0,1,1,29,0,3,0,0,2,1
1.0,25.03,1,1,1,47,0,2,0,1,0,0
2.1,31.12,0,0,1,18,1,2,1,0,2,0
3.6,25.38,1,0,1,38,1,1,0,0,1,0
0.7,17.65,1,0,1,30,0,0,0,0,1,1
1.1,30.35,0,0,0,30,0,0,1,0,0,0
3.4,20.17,0,0,1,38,0,1,0,0,2,0
2.5,27.36,1,1,0,41,0,4,1,0,2,0
3.6,19.37,1,1,1,26,0,4,1,0,1,0
1.6,29.53,0,0,1,47,0,2,1,0,2,0
0.4,30.13,0,1,0,24,0,1,1,1,2,0
1.4,21.88,0,0,1,29,0,3,1,0,0,1
3.1,18.24,0,1,0,29,1,4,1,0,1,0
2.5,27.18,0,1,1,12,0,3,0,0,0,0
2.9,28.08,0,1,0,15,0,4,0,0,0,0
1.7,22.26,1,1,0,20,0,4,0,0,2,0
2.6,24.83,1,1,1,10,1,4,1,0,1,0
2.8,31.46,0,0,0,5,1,2,1,0,0,0
0.2,31.91,0,0,1,29,0,0,1,0,0,0
0.5,16.13,1,1,0,45,0,0,0,0,1,1
0.4,27.97,0,1,0,23,0,1,0,0,2,1
1.5,18.9,0,1,1,44,0,3,1,0,2,1
0.9,27.73,1,0,0,43,0,0,1,1,2,0
3.7,17.78,0,1,0,52,0,3,0,0,0,0
0.4,25.54,0,1,0,29,0,4,0,1,2,0
0.0,30.58,0,1,1,50,1,4,0,1,1,0
1.5,27.89,0,1,0,8,0,3,1,0,2,0
0.2,28.01,0,1,1,29,0,2,0,0,2,0
0.2,28.3,0,0,0,34,0,2,0,0,2,0
0.2,17.39,0,1,1,21,0,0,1,0,0,1
1.3,31.85,1,0,1,18,0,0,0,0,1,0
1.6,17.55,0,0,0,22,0,3,0,0,2,1
1.2,28.36,1,1,1,29,0,4,1,0,1,0
3.2,24.34,0,0,0,53,0,3,0,0,0,0
0.3,26.03,0,0,1,21,0,4,1,0,1,0
1.6,31.85,0,0,0,44,0,2,0,0,0,0
3.3,20.92,1,0,1,18,0,2,1,0,2,0
4.0,18.58,0,1,0,10,1,1,0,0,1,0
3.9,25.19,0,0,0,47,0,3,1,1,1,0
0.3,28.22,0,0,1,49,0,0,0,0,2,0
2.7,29.05,1,1,0,21,0,4,0,1,0,0
1.6,17.04,0,0,1,29,0,4,1,0,2,0
1.7,24.31,1,0,1,55,0,3,0,1,0,0
2.7,19.13,0,0,1,40,0,3,1,1,2,0
1.4,27.25,0,0,0,10,1,4,1,0,0,0
1.8,29.7,1,0,1,22,0,1,1,1,1,0
2.9,31.59,0,1,1,32,0,2,0,0,1,0
1.0,17.56,0,1,1,22,1,2,0,0,1,0
2.7,28.22,0,1,0,11,0,2,1,0,1,0
1.6,31.06,0,0,0,33,0,2,1,0,0,0
1.5,30.92,0,0,0,13,0,4,1,0,2,0
3.2,28.58,0,0,0,26,0,0,1,0,0,0
3.0,24.9,0,1,0,40,0,0,1,0,0,1
1.0,31.24,0,1,1,12,0,0,0,1,2,0
0.9,24.06,0,1,0,40,0,4,1,1,1,0
0.4,28.3,0,1,0,38,0,2,1,0,2,0
3.5,16.74,0,0,1,51,0,2,1,1,2,0
3.2,31.71,1,0,1,50,0,3,0,1,0,0
0.2,20.65,1,1,1,22,0,0,1,0,0,1
0.3,18.87,0,0,1,45,0,1,0,0,2,1
3.0,20.65,0,0,1,41,0,1,0,1,0,0
1.9,17.25,0,1,0,28,0,1,0,0,0,1
2.4,20.12,0,0,0,31,0,0,1,0,1,1
0.8,27.15,1,0,0,39,1,3,1,0,2,0
1.8,27.18,0,0,0,9,0,3,0,0,0,0
3.3,23.88,0,0,0,48,0,1,0,1,2,0
0.0,29.73,0,0,1,31,0,3,1,0,2,0
2.7,25.65,0,1,0,52,0,1,1,0,0,1
0.2,21.63,0,0,1,24,0,2,1,1,0,0
2.2,21.62,0,0,1,6,0,2,0,0,2,0
3.6,19.77,0,0,0,33,0,0,0,0,2,0
3.1,24.16,0,0,1,17,0,2,1,0,1,0
3.5,28.62,0,1,1,38,0,1,0,1,0,0
0.6,21.48,0,0,0,49,0,0,1,0,0,1
2.9,20.73,0,0,0,46,0,0,0,0,2,1
1.0,16.15,1,0,1,31,0,2,1,0,1,1
2.5,23.14,0,0,0,29,0,0,1,0,1,1
1.8,31.74,0,1,0,9,1,1,0,0,1,0
0.4,19.69,0,1,0,50,0,1,0,1,0,0
2.7,24.83,0,1,1,6,0,0,1,0,1,0
0.1,19.35,0,0,0,7,0,4,1,0,0,0
0.8,16.95,0,1,0,26,0,4,0,0,0,0
0.5,16.7,0,0,1,26,0,0,1,0,2,1
2.9,24.71,1,1,0,6,0,4,0,0,1,0
3.1,19.69,0,1,0,41,1,1,0,0,2,0
3.6,22.89,0,1,0,23,0,0,0,1,2,0
2.5,25.72,0,0,0,6,0,2,1,0,1,0
3.4,28.17,0,0,1,22,0,2,0,1,2,0
3.4,22.22,0,0,0,44,0,2,1,0,2,0
1.7,24.74,0,1,0,21,0,3,0,1,2,0
3.8,23.16,0,1,1,52,0,3,1,0,0,0
0.1,21.63,0,1,0,14,1,4,0,0,2,0
2.5,26.91,0,1,1,13,0,1,1,0,0,0
0.2,16.19,0,1,1,15,0,1,0,1,1,0
2.4,31.31,0,1,0,9,0,3,0,0,0,0
3.0,31.81,1,0,0,28,0,3,0,0,0,0
1.4,21.05,0,0,1,35,0,2,0,0,1,1
0.2,21.66,0,0,0,17,0,4,0,0,2,0
2.1,30.88,0,0,1,5,0,2,1,1,0,0
2.9,21.75,1,1,1,36,1,1,0,0,0,0
2.9,16.53,0,0,1,9,0,4,1,0,2,0
2.6,25.13,0,0,1,28,0,1,1,0,2,1
1.8,31.83,0,0,0,17,0,2,0,0,0,0
0.4,30.75,0,1,0,28,0,2,1,0,2,0
3.0,18.86,0,1,0,48,0,3,0,0,0,1
2.0,28.57,0,0,0,53,0,3,0,0,2,0
1.4,28.19,0,1,1,36,0,4,1,1,1,0
0.1,25.48,0,0,1,43,0,3,0,0,2,1
3.4,25.53,0,1,0,5,1,3,1,1,1,0
2.8,30.32,1,1,0,15,0,1,1,0,0,0
1.2,31.14,0,1,0,35,0,4,0,0,2,0
3.2,19.1,1,1,0,37,0,3,0,0,0,0
2.4,22.33,0,0,1,35,0,4,0,0,2,0
2.8,24.94,0,1,1,49,1,4,0,0,0,0
3.8,16.04,1,1,0,25,0,3,1,0,0,0
3.7,23.01,0,1,0,34,0,0,1,0,0,0
0.3,31.93,0,1,1,41,0,3,0,0,1,0
1.6,30.81,0,0,1,50,0,0,0,0,0,0
0.7,27.94,0,1,1,30,0,1,1,0,2,1
3.2,29.42,0,0,0,42,0,3,1,0,1,0
1.0,28.08,0,1,1,19,1,1,1,0,0,0
2.0,17.31,0,1,0,48,1,4,0,0,2,0
2.2,16.87,0,0,1,17,1,1,0,0,0,0
2.1,17.96,0,1,0,45,1,3,1,0,1,0
2.2,16.52,0,1,0,11,0,4,1,0,1,0
3.2,20.24,1,0,1,48,0,0,1,0,0,0
3.8,31.08,1,1,0,15,0,0,0,0,1,0
0.9,25.0,0,1,0,11,0,0,0,0,0,0
1.7,23.91,0,1,1,34,0,2,1,0,0,1
0.8,28.05,0,1,1,45,0,2,0,1,1,0
2.0,27.85,0,1,1,23,0,1,0,0,1,1
1.5,22.96,0,0,0,52,0,4,0,0,0,0
3.3,23.0,0,0,1,44,1,0,1,0,2,0
0.1,31.93,0,1,1,16,0,4,1,1,2,0
4.0,29.53,1,0,0,29,0,3,0,1,2,0
3.5,27.38,0,0,1,30,0,2,1,1,2,0
1.9,31.21,0,1,0,11,1,4,1,0,1,0
2.2,26.82,0,0,0,33,0,2,0,0,0,1
3.0,24.56,0,0,0,9,0,1,1,0,2,0
0.1,30.55,1,1,0,36,0,4,0,0,0,0
3.5,17.89,0,1,1,24,0,3,0,0,0,0
0.2,29.88,0,1,0,29,0,3,0,0,0,0
0.4,18.28,0,0,0,14,0,3,0,0,0,0
3.7,28.25,0,1,1,30,0,2,0,0,2,0
0.3,21.46,1,1,0,40,0,4,0,0,0,0
2.0,23.92,0,0,0,52,1,1,1,0,0,0
2.9,16.91,1,0,0,52,0,0,1,0,0,1
2.7,21.67,0,1,1,9,0,3,0,0,1,0
2.7,16.97,1,0,1,40,1,4,0,0,0,0
3.7,17.53,0,0,0,37,1,4,1,0,0,0
0.2,25.15,0,0,0,35,0,2,1,0,2,1
2.8,25.74,1,1,1,24,0,3,1,0,0,1
1.4,17.62,0,0,0,7,0,3,0,0,0,0
0.9,20.48,0,1,0,30,0,2,0,0,1,1
2.1,23.78,0,0,1,20,0,2,0,0,0,1
3.2,21.23,1,0,0,19,0,1,0,0,1,0
1.8,26.41,1,1,1,17,0,3,1,0,1,1
2.7,22.68,0,0,0,5,0,2,0,1,2,0
3.1,19.91,0,0,0,23,0,3,1,0,2,0
3.1,23.73,0,0,0,38,0,3,0,0,2,0
1.6,20.2,0,1,0,37,0,3,1,0,1,1
2.3,25.86,0,1,0,51,0,1,1,1,2,0
3.4,27.62,0,1,0,42,0,2,1,1,2,0
3.2,26.98,0,1,0,10,1,2,1,0,1,0
3.6,27.83,0,1,1,49,0,0,1,0,1,0
0.7,28.4,0,0,0,25,0,1,0,1,2,0
0.4,19.01,0,1,0,19,0,4,1,0,0,0
2.3,26.0,0,1,0,28,0,2,1,0,0,1
0.7,25.87,0,1,0,25,0,3,0,0,2,1
2.2,23.5,0,0,0,24,0,1,1,0,1,1
0.7,29.47,0,0,0,37,0,4,0,0,0,0
0.2,23.17,0,0,1,19,1,0,0,0,2,0
1.8,26.34,0,0,1,55,0,4,1,0,1,0
1.7,31.29,0,1,0,44,1,3,0,0,0,0
3.7,16.73,1,1,0,22,0,1,1,0,2,0
0.3,21.82,0,0,1,9,0,3,1,1,2,0
2.8,24.07,0,1,1,29,0,1,0,0,0,1
3.9,19.51,0,0,0,20,0,3,0,0,0,0
1.4,17.67,0,1,0,10,1,0,0,1,1,0
1.0,16.99,0,1,1,40,0,2,1,0,0,1
0.7,30.99,0,1,0,46,0,4,0,0,2,0
3.3,19.56,0,1,0,17,0,2,1,0,0,0
1.1,25.1,1,1,1,15,0,0,0,0,0,1
2.4,28.45,1,1,1,44,0,3,0,0,0,0
2.7,18.98,0,0,0,13,0,3,1,0,2,0
1.5,26.92,0,0,0,19,1,1,0,0,0,0
3.6,18.1,1,0,1,50,0,4,1,0,2,0
3.0,28.59,0,0,1,54,0,1,0,0,2,0
3.1,29.65,0,0,1,17,0,1,0,0,1,0
1.8,31.29,0,0,0,34,0,0,0,0,2,0
3.7,17.2,0,1,1,16,0,1,0,1,0,0
3.0,18.99,0,1,1,19,1,3,0,0,2,0
1.9,17.76,0,0,1,24,0,4,0,0,1,0
1.9,24.49,0,1,0,9,0,4,0,0,0,0
2.3,31.91,0,1,0,39,0,0,0,0,2,0
2.0,29.51,0,1,0,55,0,3,1,0,0,0
1.4,20.35,0,1,1,27,0,3,0,0,0,1
3.6,17.65,0,0,0,18,1,3,1,0,1,0
0.3,16.97,0,1,0,8,0,4,0,0,2,0
3.1,22.12,0,0,0,50,0,2,0,0,0,0
2.9,20.09,0,0,1,16,0,0,0,0,1,1
3.0,20.41,0,0,0,53,0,0,1,0,1,1
3.2,21.85,0,0,0,55,0,2,1,0,2,0
3.8,26.05,0,1,0,21,1,4,0,0,0,0
1.0,17.52,0,0,0,42,1,2,1,0,2,0
0.9,18.13,0,1,1,7,1,4,0,0,0,0
3.7,25.22,1,1,0,5,0,2,0,1,1,0
1.8,24.57,0,0,1,30,0,2,0,0,2,1
1.2,18.97,0,0,1,49,0,4,1,0,2,0
1.5,25.36,1,1,1,32,0,0,0,0,1,1
3.2,27.21,0,1,0,34,0,2,1,0,2,0
0.4,26.79,0,1,0,8,0,4,0,0,0,0
3.8,28.46,0,0,1,39,0,2,1,0,1,0
3.1,23.61,0,1,1,49,0,2,1,0,2,0
2.1,29.44,0,1,1,46,0,1,1,0,0,0
0.4,17.94,0,1,0,16,0,1,1,1,0,0
1.6,29.19,0,0,1,7,0,2,1,0,2,0
2.8,24.3,0,1,1,8,0,0,0,0,0,0
3.2,31.22,0,0,0,5,0,1,0,0,2,0
3.9,21.97,1,0,1,16,0,3,0,0,0,0
1.2,29.65,0,0,0,26,1,3,1,1,2,0
3.7,27.6,0,1,1,55,0,1,0,1,0,0
3.5,29.47,0,1,1,15,0,0,1,0,1,0
2.7,28.49,0,1,0,21,0,3,0,0,2,0
0.8,24.58,0,0,1,35,0,3,1,1,1,0
3.5,27.98,0,1,0,22,0,4,1,0,2,0
3.6,25.99,0,1,1,22,0,0,1,0,0,0
0.9,17.13,0,0,0,52,0,4,0,1,2,0
3.3,20.56,0,0,1,45,1,4,0,0,1,0
0.4,27.0,0,1,1,44,1,2,0,0,2,0
1.5,19.33,0,0,1,15,0,4,1,0,1,0
2.8,23.45,0,1,0,19,1,2,0,0,1,0
2.9,20.94,0,0,0,24,0,4,0,1,0,0
2.9,21.07,0,0,1,42,0,1,1,0,1,1
1.4,25.43,0,1,0,40,0,3,0,1,0,0
3.3,17.34,0,1,0,18,0,2,1,0,2,0
3.8,19.98,0,1,1,34,0,4,0,0,1,0
2.7,24.78,0,0,0,37,0,0,1,0,2,1
0.2,25.54,0,0,1,50,0,3,0,0,2,1
2.1,28.54,0,0,1,8,0,0,1,0,2,0
3.1,24.63,0,1,1,50,0,2,1,0,0,0
2.0,22.38,0,1,1,23,0,3,1,0,0,1
4.0,18.01,0,1,0,26,0,4,1,0,1,0
1.7,16.68,1,1,1,29,0,3,1,0,0,1
3.1,28.52,0,1,1,26,0,2,1,0,0,0
1.8,18.23,0,0,1,40,0,0,0,0,2,1
0.7,22.09,1,1,1,35,1,2,1,0,2,0
0.8,18.17,0,0,0,41,0,4,1,0,0,0
2.8,23.31,1,0,1,31,0,3,0,0,0,1
2.8,23.15,0,0,1,16,0,1,0,0,2,1
2.0,29.6,0,1,0,25,0,1,0,0,2,0
1.5,28.46,0,1,0,10,0,0,1,0,2,0
0.1,16.08,0,0,1,48,0,3,0,1,0,0
1.5,21.04,0,0,0,49,1,3,0,0,1,0
3.0,24.11,0,0,1,45,0,0,1,0,0,1
1.6,23.2,0,0,1,7,0,2,1,0,2,0
0.6,28.17,0,0,0,24,0,1,1,1,1,0
2.3,22.69,0,1,1,12,0,4,1,0,0,0
3.4,28.84,0,1,0,29,0,4,1,0,1,0
0.6,22.56,0,1,0,36,0,1,0,0,2,1
0.5,23.35,0,1,0,49,0,1,0,0,1,1
3.1,30.9,0,1,1,37,0,3,1,0,1,0
2.4,22.96,0,1,0,38,1,0,1,0,2,0
2.2,29.15,0,1,1,46,1,2,1,0,0,0
0.2,31.17,0,1,1,44,1,4,0,0,2,0
1.9,26.6,1,1,0,47,0,3,0,0,2,1
1.1,24.1,0,0,1,43,0,3,1,0,0,1
0.7,17.65,0,0,1,30,0,3,0,0,1,1
3.1,17.95,0,0,0,39,0,2,1,0,2,0
0.6,16.1,0,0,0,55,0,3,0,0,1,1
3.1,23.5,0,0,1,39,1,4,0,0,2,0
2.3,20.82,1,0,0,27,0,1,1,0,2,1
0.2,28.73,0,1,0,9,0,0,0,0,0,0
1.9,29.1,0,0,1,11,0,4,0,0,1,0
0.3,21.63,0,0,0,33,0,3,0,0,2,1
0.2,30.48,0,1,1,26,0,1,1,0,2,0
0.8,30.51,0,1,1,15,1,4,1,0,0,0
3.8,20.72,0,0,1,25,0,4,0,0,1,0
0.2,17.88,0,1,0,37,1,4,1,0,2,0
3.6,31.84,0,0,1,24,1,1,1,0,2,0
3.3,20.18,0,1,0,50,0,1,1,0,0,0
2.8,24.69,0,0,1,41,0,1,0,0,0,1
2.6,19.38,0,1,0,52,0,1,0,0,2,1
1.4,23.76,0,0,1,53,0,4,0,0,0,0
0.6,28.87,1,1,1,41,0,1,1,1,1,0
2.0,23.65,1,1,1,47,0,0,0,0,0,1
0.1,17.74,0,1,1,55,0,3,0,0,2,1
2.1,28.71,1,0,1,12,0,2,1,0,2,0
3.9,17.44,0,0,0,43,0,2,1,0,2,0
2.8,25.88,1,1,0,13,0,0,1,1,2,0
3.3,20.85,0,0,0,39,1,0,1,0,1,0
1.3,31.47,0,0,1,20,1,1,1,0,0,0
2.9,19.4,1,1,1,9,1,4,1,0,1,0
1.6,28.4,1,0,0,48,0,2,1,0,0,0
1.2,20.13,0,0,0,22,1,0,0,0,1,0
0.9,30.35,0,1,0,20,0,1,1,0,2,0
3.9,18.49,1,0,1,46,0,3,0,0,2,0
3.0,31.04,1,1,0,20,0,0,1,0,0,0
0.4,29.72,0,0,1,25,0,2,0,0,2,0
1.5,26.18,0,0,1,20,0,4,0,0,2,0
1.3,30.74,1,1,0,9,0,4,1,0,2,0
0.7,19.67,0,0,0,16,0,3,1,0,0,1
2.8,17.97,0,0,0,15,0,0,0,0,0,1
0.2,21.59,0,0,1,7,0,0,0,1,2,0
2.6,30.96,0,1,0,36,0,1,0,0,0,0
1.3,24.84,0,1,1,10,0,4,0,1,2,0
2.6,21.09,0,0,0,48,0,1,1,1,2,0
3.4,24.77,0,0,0,50,0,0,0,0,0,0
3.3,17.74,0,0,0,13,0,4,1,0,0,0
3.3,17.99,0,0,1,14,0,0,0,0,2,0
1.0,29.39,0,0,0,40,0,1,0,0,0,0
2.0,17.6,0,0,1,39,0,3,0,1,2,0
0.7,28.08,0,0,0,11,1,4,1,0,0,0
1.0,21.42,0,0,0,31,0,3,1,1,2,0
0.9,24.69,0,0,0,50,1,2,0,0,1,0
0.1,28.65,1,0,1,17,0,1,1,0,2,0
1.5,21.32,0,0,0,9,0,4,0,0,0,0
0.6,25.89,0,1,1,32,0,0,0,0,1,1
0.0,17.41,0,1,1,36,0,4,0,0,1,0
0.9,17.07,0,1,0,35,1,3,1,0,2,0
2.9,19.28,0,0,1,15,0,4,1,1,0,0
3.1,30.19,0,0,1,52,0,2,0,1,0,0
1.7,16.03,0,1,1,39,0,0,1,0,1,1
0.8,17.06,0,0,1,53,0,3,0,0,0,1
0.1,30.87,0,1,1,24,1,4,1,0,1,0
1.1,22.45,0,1,1,30,0,0,0,0,1,1
1.8,25.76,1,1,0,12,0,4,1,1,1,0
3.3,22.84,0,1,0,28,0,1,1,0,2,0
3.6,24.53,0,0,1,45,0,3,1,0,0,0
0.8,17.41,0,1,1,39,0,3,0,1,1,0
3.8,26.24,0,1,0,37,0,0,1,0,2,0
0.3,17.79,1,1,0,11,0,0,1,0,2,0
0.3,31.18,0,1,0,8,0,3,1,0,1,0
1.2,21.64,0,0,1,52,0,1,0,0,1,1
3.5,28.07,1,1,1,42,1,3,1,0,0,0
2.6,31.61,0,1,0,5,0,4,0,0,1,0
2.3,23.53,0,0,0,48,1,0,0,0,2,0
1.8,22.67,1,0,0,7,0,0,0,0,1,0
1.1,27.36,0,0,0,52,0,2,0,0,2,1
2.2,29.54,0,0,0,16,0,3,1,0,0,0
2.0,30.13,0,0,1,51,0,0,0,0,1,0
3.4,25.49,0,0,0,13,0,3,1,0,2,0
2.9,24.94,1,1,0,29,0,2,1,1,1,0
4.0,25.01,1,1,1,7,0,3,1,0,0,0
2.4,29.16,1,1,0,47,0,0,0,0,1,0
1.6,31.44,1,0,0,49,0,2,1,0,1,0
1.2,30.1,0,0,1,34,0,4,0,1,0,0
3.2,25.86,0,0,1,34,0,2,1,0,1,0
1.6,27.64,0,0,1,20,0,3,1,0,1,1
3.8,20.94,0,0,0,28,0,4,1,0,1,0
1.1,26.73,0,1,0,48,0,4,0,0,0,0
0.1,17.92,0,1,0,9,0,1,1,0,0,0
1.3,16.23,0,1,0,35,0,4,1,0,2,0
2.3,19.15,0,0,1,5,1,0,1,1,2,0
2.0,21.45,0,1,1,5,0,1,0,0,1,0
3.9,22.33,0,0,0,54,1,4,0,1,2,0
2.7,27.59,0,1,0,37,0,0,1,0,2,1
3.7,31.36,0,1,1,10,0,3,1,1,2,0
3.8,23.16,1,1,1,39,0,1,0,0,1,0
0.0,18.51,1,0,1,6,0,0,0,0,0,0
2.4,23.35,0,0,0,28,0,3,1,0,0,1
0.5,28.46,1,0,0,16,0,2,0,1,2,0
2.6,26.42,0,0,0,14,0,4,0,0,2,0
3.8,27.32,0,0,1,10,0,2,1,0,1,0
3.4,27.8,0,0,1,35,0,2,1,0,1,0
3.3,30.23,0,1,0,47,0,2,0,1,0,0
3.8,28.87,0,0,1,46,1,0,1,1,2,0
3.6,24.25,0,0,0,34,0,1,1,0,1,0
3.5,22.06,1,1,1,22,0,3,1,0,0,0
3.6,22.06,0,0,0,51,0,3,1,1,2,0
3.3,26.66,0,0,1,21,0,0,0,0,2,0
2.2,30.18,0,0,1,16,1,2,0,1,2,0
1.5,21.86,0,1,1,52,0,4,1,0,1,0
2.4,17.65,0,1,1,44,0,0,1,0,0,1
3.5,26.79,0,0,0,5,0,3,1,0,1,0
2.2,21.52,0,1,1,37,0,0,1,0,1,1
1.7,16.7,0,0,0,43,0,0,0,0,2,1
1.2,19.43,1,1,1,15,1,2,1,1,0,0
0.9,30.64,0,1,1,14,0,1,1,0,1,0
1.0,17.49,0,1,0,20,0,1,0,1,2,0
3.1,31.72,0,0,1,15,0,1,1,0,0,0
1.8,25.97,0,0,1,28,0,1,1,0,0,1
2.5,27.91,0,1,0,12,0,3,1,0,0,0
1.7,23.56,1,0,0,39,0,0,1,0,1,1
0.6,29.36,0,0,1,40,0,4,0,1,1,0
0.2,17.85,1,0,0,16,0,2,1,0,1,1
3.0,23.04,0,1,0,24,0,2,0,0,0,1
2.5,17.88,0,1,1,55,0,1,0,0,0,1
0.1,27.41,0,0,0,27,0,3,0,0,1,1
2.3,23.24,1,0,0,44,1,0,0,0,0,0
2.8,25.34,0,1,1,31,0,0,0,0,1,1
3.1,29.03,0,0,1,33,0,0,0,0,2,0
2.0,30.2,0,0,1,14,1,4,0,0,1,0
0.2,26.09,0,0,1,46,0,1,0,0,2,1
0.9,19.55,0,1,0,38,1,4,0,0,0,0
4.0,24.59,0,1,0,12,0,1,1,0,1,0
4.0,30.67,0,0,1,44,0,0,1,0,0,0
4.0,24.6,0,1,1,43,0,0,0,0,0,0
1.1,19.88,0,0,1,48,0,2,0,0,1,1
2.3,18.5,0,1,1,48,0,1,1,0,1,1
3.9,26.39,0,1,0,24,0,4,0,0,1,0
1.5,20.35,0,0,1,5,0,0,1,1,1,0
2.7,29.59,0,0,1,31,1,2,1,0,1,0
2.4,16.04,0,1,1,48,0,0,0,0,1,1
1.2,19.6,0,0,0,34,0,1,1,0,1,1
2.9,28.76,1,0,1,53,0,4,1,1,1,0
1.7,30.76,0,1,0,44,1,1,0,0,0,0
3.2,28.76,0,1,0,36,0,1,1,1,0,0
1.3,26.89,0,0,1,31,0,0,1,1,1,0
0.0,30.34,1,0,1,45,0,4,0,0,0,0
0.1,19.6,0,0,1,27,0,2,0,0,0,1
2.9,27.42,0,0,0,32,0,1,1,0,2,1
0.2,20.11,0,1,1,16,0,1,1,0,2,1
2.9,29.74,0,0,0,40,0,4,0,0,0,0
1.4,24.02,1,0,1,37,0,3,1,0,1,1
1.8,19.05,0,1,1,8,0,3,0,1,1,0
0.2,18.05,0,1,0,47,0,3,0,1,2,0
1.1,25.42,1,0,1,16,0,3,1,0,0,1
2.4,18.03,0,0,1,5,0,1,1,0,0,0
4.0,27.68,1,1,0,38,0,4,1,1,2,0
2.9,23.79,0,0,1,6,0,0,0,0,0,0
3.0,29.82,0,1,1,18,1,1,1,0,0,0
3.6,19.41,0,0,0,33,0,0,0,0,2,0
3.0,29.42,0,1,1,52,0,0,0,0,0,0
1.3,22.9,0,1,0,46,0,0,0,0,1,1
1.0,28.62,0,1,0,22,0,4,0,0,2,0
2.3,19.63,0,1,1,51,1,0,1,0,0,0
1.1,16.26,0,0,1,22,0,0,0,1,2,0
3.7,18.56,0,0,0,8,0,4,0,0,1,0
1.1,18.39,0,1,1,27,1,4,0,0,1,0
1.8,18.79,0,0,1,53,0,2,1,0,2,1
1.7,21.6,0,1,1,43,0,3,0,1,1,0
0.0,31.61,0,1,0,46,1,3,0,0,2,0
3.3,29.43,0,1,0,30,0,3,1,0,1,0
3.9,26.27,0,1,0,36,0,1,1,0,1,0
3.6,23.8,0,0,1,39,0,4,0,0,2,0
3.0,28.57,0,1,0,32,0,1,0,0,1,0
3.7,30.46,0,1,0,27,0,0,0,0,2,0
2.3,25.1,1,1,1,19,0,0,0,1,1,0
0.8,16.47,0,1,1,45,0,3,0,0,0,1
0.9,25.54,0,1,1,43,0,1,1,0,1,1
0.2,19.12,0,0,0,55,0,0,0,0,1,1
3.1,16.21,0,0,0,5,0,1,0,0,1,0
3.7,18.45,0,1,1,36,0,1,1,0,1,0
3.6,24.89,0,0,0,45,0,1,1,1,1,0
2.4,18.2,0,1,0,18,1,3,1,0,1,0
1.2,16.8,0,1,1,11,0,2,1,0,1,0
1.6,20.69,0,1,0,18,0,0,1,0,2,1
0.5,30.57,0,1,0,21,0,1,1,0,1,0
0.6,25.56,0,0,1,30,0,0,1,1,1,0
1.6,24.92,0,1,0,29,0,0,0,0,0,1
3.6,18.34,0,1,1,40,0,2,1,0,0,0
1.0,31.96,1,1,0,8,0,4,1,0,2,0
0.2,20.04,0,0,0,32,0,2,1,0,1,1
1.5,30.88,0,0,0,42,0,4,1,0,2,0
2.5,31.91,0,1,0,19,0,2,1,0,0,0
0.8,24.98,1,1,0,41,0,4,1,0,1,0
2.8,32.0,0,1,1,49,0,0,1,0,1,0
0.6,31.96,0,0,1,32,1,3,1,0,1,0
1.8,23.46,1,0,0,45,0,2,1,0,1,1
2.6,16.8,0,0,1,17,0,3,0,1,1,0
1.8,26.87,0,1,1,54,0,4,1,1,2,0
2.1,28.93,1,0,1,51,0,2,1,0,2,0
0.9,20.51,0,1,1,15,1,1,1,0,0,0
3.3,20.32,0,1,0,55,0,1,1,0,2,0
0.6,30.82,0,1,0,36,0,1,1,0,1,0
1.3,18.4,0,1,0,23,1,2,0,0,2,0
3.7,29.09,0,1,0,44,0,0,0,0,2,0
3.7,20.21,0,0,1,53,1,4,1,0,1,0
1.6,29.04,0,0,1,33,0,2,0,1,0,0
2.8,25.72,0,1,1,32,0,3,1,1,0,0
2.3,16.45,0,0,0,6,0,0,0,0,2,0
3.2,26.42,0,1,0,49,1,0,1,0,0,0
1.9,27.8,0,0,0,8,0,2,1,0,1,0
0.7,29.97,0,0,1,46,0,0,0,0,0,0
3.4,19.81,0,0,1,23,0,2,1,1,0,0
2.8,28.97,0,0,1,22,0,4,0,0,2,0
0.6,27.56,0,1,0,53,1,3,0,0,1,0
3.0,25.5,0,0,1,9,0,3,0,0,1,0
2.4,26.55,0,1,1,18,0,2,1,0,0,1
2.8,24.06,1,0,1,20,0,2,0,0,0,1
0.8,22.45,0,0,1,20,1,2,0,1,2,0
1.0,23.26,0,0,1,7,1,0,1,0,2,0
1.3,20.47,0,1,1,15,1,1,0,1,0,0
1.2,20.76,0,0,0,52,0,4,1,0,0,0
3.7,24.53,0,0,0,7,0,4,1,0,2,0
3.3,27.27,0,1,0,18,0,2,1,0,0,0
1.7,30.12,0,1,0,42,0,0,1,0,0,0
0.7,17.07,0,0,1,23,0,4,0,0,0,0
2.5,18.0,0,0,0,29,0,3,0,0,2,1
1.3,29.48,0,0,0,36,0,2,1,0,2,0
3.0,28.33,0,1,1,37,0,2,0,0,2,0
3.6,31.01,0,1,0,13,0,0,0,0,0,0
0.8,25.47,0,1,1,38,0,3,0,0,0,1
3.3,25.55,0,1,0,15,0,1,1,0,0,0
1.2,17.31,0,1,0,48,1,4,1,0,0,0
3.3,16.27,0,0,0,44,1,1,0,0,0,0
1.9,17.16,0,1,0,26,0,0,1,0,0,1
4.0,29.7,1,1,0,53,0,3,0,0,0,0
2.0,26.66,0,1,1,22,0,1,0,0,2,1
1.6,21.1,0,1,0,52,0,0,1,0,0,1
3.7,22.18,0,0,1,43,0,0,0,0,2,0
3.0,29.06,0,1,0,48,0,2,1,0,0,0
1.0,16.54,0,1,0,42,0,2,1,0,1,1
0.6,26.01,1,0,1,18,0,0,1,0,2,1
0.5,26.97,0,1,1,27,1,4,0,0,2,0
3.2,22.69,0,0,0,26,0,0,0,0,0,0
1.0,21.84,0,0,0,16,0,4,1,0,1,0
1.9,26.06,1,0,0,23,1,3,1,0,0,0
2.7,18.14,0,0,1,46,0,0,0,1,0,0
3.4,25.15,0,0,0,54,0,2,1,0,1,0
0.6,30.81,0,0,1,54,0,2,1,0,0,0
0.3,23.93,0,0,1,36,0,4,0,1,0,0
1.6,30.56,0,1,0,26,0,1,1,1,0,0
1.4,21.34,1,1,0,18,0,3,1,1,1,0
3.9,29.18,0,1,0,18,0,4,0,0,0,0
1.3,22.63,1,0,1,7,0,0,1,1,2,0
2.2,26.45,0,1,1,5,0,1,0,0,1,0
1.2,22.0,0,1,1,48,0,0,0,0,2,1
3.6,30.69,0,0,1,24,0,0,0,1,2,0
2.4,16.91,0,0,1,27,0,1,1,0,0,1
1.7,21.36,0,0,0,22,0,2,0,0,0,1
0.9,25.26,1,1,1,44,0,1,1,0,2,1
3.8,16.52,0,0,0,34,0,0,1,0,2,0
3.2,19.6,0,0,0,55,0,2,0,1,2,0
1.6,28.51,0,1,0,48,1,1,0,1,0,0
1.0,19.61,0,0,0,37,0,1,0,0,0,1
0.4,17.86,1,0,0,19,0,2,0,0,1,1
1.6,16.46,0,0,1,55,0,4,0,0,2,0
2.9,20.27,0,1,1,52,0,0,1,0,1,1
1.7,17.55,0,1,1,23,0,4,1,0,2,0
2.6,30.5,1,1,1,18,0,0,1,0,1,0
3.1,28.74,0,0,1,48,0,0,1,0,0,0
0.2,30.46,1,1,1,17,0,3,1,0,2,0
2.3,28.64,0,0,0,27,0,1,1,0,2,0
3.7,31.4,0,1,0,39,0,2,1,0,1,0
3.5,16.27,0,0,0,6,0,3,0,0,1,0
2.0,18.47,0,1,0,11,0,1,1,1,2,0
2.6,19.8,0,0,1,38,0,2,0,0,1,1
2.7,16.96,0,0,1,45,0,3,1,0,1,1
2.2,28.26,1,0,1,35,0,3,1,0,1,0
0.4,28.55,0,1,1,28,0,1,1,0,2,0
3.2,27.14,0,0,1,55,0,3,1,0,0,0
3.9,29.12,0,0,1,16,0,4,0,0,2,0
1.0,31.85,0,0,1,47,0,4,0,0,1,0
1.1,28.93,1,0,1,53,0,0,1,0,1,0
2.9,29.46,0,0,1,22,0,4,1,0,2,0
1.9,25.3,0,1,0,12,0,4,0,1,2,0
1.7,16.58,0,1,0,42,0,4,0,0,0,0
2.4,31.09,0,1,1,19,0,2,0,0,1,0
2.2,20.86,0,0,0,33,0,3,0,0,1,1
2.3,17.09,0,0,0,12,0,4,0,0,0,0
4.0,23.23,0,1,0,38,0,1,1,0,1,0
1.9,23.03,1,0,1,29,0,2,1,0,1,1
0.4,19.59,0,0,0,5,0,0,1,1,0,0
1.8,28.78,0,0,1,31,0,3,1,0,0,0
2.2,17.1,1,0,1,52,0,2,1,0,1,1
3.0,28.65,0,1,1,11,0,1,0,0,1,0
3.2,18.67,0,0,1,21,0,1,1,0,2,0
0.6,24.32,0,0,0,45,0,0,0,1,1,0
0.3,17.52,0,1,1,22,0,1,0,0,1,1
3.0,30.15,0,1,1,40,0,1,0,0,1,0
0.7,27.47,0,0,1,35,0,0,1,0,0,1
0.4,28.75,1,1,1,20,0,3,0,0,2,0
0.9,31.06,0,0,1,47,0,0,1,0,0,0
1.7,24.76,0,0,1,12,0,2,0,0,1,0
2.8,30.4,0,1,0,51,0,1,1,0,0,0
0.3,20.13,0,1,0,9,1,1,0,0,0,0
2.6,17.89,1,1,0,11,0,2,0,0,1,0
1.5,29.32,1,0,0,54,0,2,1,0,2,0
1.5,22.67,0,0,1,29,1,2,0,1,0,0
0.3,26.8,0,1,0,30,1,0,0,0,0,0
1.0,17.46,0,0,0,23,0,0,1,0,0,1
3.6,24.03,0,1,0,37,0,4,1,0,0,0
1.0,25.72,0,0,0,17,1,3,0,0,0,0
1.8,29.23,0,0,0,30,0,3,0,0,0,0
1.9,31.77,0,1,1,48,1,4,0,0,0,0
1.5,16.06,0,0,0,18,0,0,0,0,1,1
2.5,27.12,1,1,0,50,0,3,1,1,1,0
2.4,20.48,0,1,1,10,0,3,1,0,2,0
0.1,29.98,1,1,0,41,1,1,0,0,1,0
3.5,21.6,0,1,0,42,0,3,0,0,0,0
2.3,20.13,1,1,1,41,0,4,0,0,1,0
3.9,23.19,0,1,0,30,0,4,1,1,0,0
0.6,25.2,0,1,0,24,1,2,1,0,1,0
0.1,25.19,0,0,1,9,1,0,1,0,0,0
3.1,25.14,0,0,1,13,0,4,1,0,1,0
0.7,23.78,0,1,0,44,1,3,1,0,2,0
2.1,27.09,0,0,0,14,0,2,1,1,0,0
0.5,16.87,0,0,1,35,0,4,0,1,2,0
1.3,29.27,0,1,1,49,0,1,0,0,0,0
3.7,28.7,0,1,1,46,0,0,0,0,1,0
3.2,25.25,0,0,0,10,0,2,0,0,0,0
0.6,31.44,0,0,1,6,1,1,0,1,1,0
3.6,18.7,0,1,0,41,1,0,1,0,0,0
2.0,16.98,0,1,1,39,0,0,1,0,2,1
1.4,27.05,1,0,0,9,0,2,1,1,0,0
2.3,25.83,0,0,0,16,1,2,1,1,0,0
3.5,30.7,0,0,0,11,0,0,0,0,2,0
1.4,17.14,0,1,1,14,0,3,1,0,2,0
0.7,23.95,0,1,0,29,0,2,1,1,0,0
0.2,25.91,0,0,0,33,0,1,0,0,2,1
0.8,31.42,1,0,0,33,1,3,0,0,2,0
1.0,26.1,1,1,0,26,0,4,0,0,2,0
3.1,29.68,1,1,1,22,0,3,0,0,1,0
3.7,30.43,0,1,1,52,0,3,0,0,0,0
4.0,28.18,0,1,1,22,0,1,0,0,1,0
2.3,29.97,0,1,0,39,0,2,1,0,0,0
3.2,19.74,0,0,1,49,0,1,1,0,2,0
1.0,24.7,0,1,1,45,0,0,1,0,2,1
0.8,20.6,0,1,1,36,1,0,0,0,2,0
0.7,19.32,0,1,0,39,0,3,0,0,2,1
3.7,22.35,0,0,0,54,0,1,0,1,2,0
1.7,27.41,1,0,1,26,0,1,0,0,2,1
3.0,23.67,1,1,0,11,0,1,1,0,0,0
1.4,16.3,0,0,0,17,0,2,1,0,0,1
0.3,19.03,0,0,1,18,0,4,0,0,2,0
2.2,29.78,0,0,1,40,0,2,0,0,1,0
2.6,30.27,0,0,0,13,1,3,1,0,1,0
1.3,16.45,0,1,0,25,0,3,1,0,1,1
0.3,22.95,0,1,0,33,0,4,1,0,1,0
2.1,16.07,0,1,1,6,0,2,1,0,2,0
2.5,24.53,0,1,1,15,1,1,1,1,2,0
1.3,31.65,0,1,0,53,0,1,1,0,1,0
1.3,26.39,0,1,1,53,1,3,0,0,0,0
1.3,16.88,0,0,0,52,0,4,0,0,2,0
0.4,17.27,1,0,0,55,0,2,0,1,1,0
3.0,29.56,0,1,0,5,0,1,0,0,2,0
0.1,26.37,0,1,0,24,0,2,0,1,2,0
3.9,22.16,0,0,0,7,0,1,0,0,2,0
2.6,16.72,0,0,1,15,0,2,1,0,2,1
0.9,25.04,0,0,0,38,0,2,0,1,2,0
2.5,28.87,1,0,0,15,1,3,0,0,2,0
2.4,27.34,0,0,1,22,0,3,1,0,2,1
3.6,25.92,0,1,0,29,0,4,0,1,1,0
2.5,31.81,0,1,1,42,0,4,1,0,1,0
1.8,19.78,0,0,0,21,0,1,1,0,1,1
1.9,28.59,1,0,1,5,0,4,0,0,2,0
3.0,21.07,0,1,0,40,0,0,1,0,0,1
0.9,25.17,0,0,1,48,0,1,0,0,1,1
3.4,16.9,0,1,0,26,0,1,1,0,2,0
0.1,18.78,0,0,0,10,0,4,1,1,1,0
1.6,29.42,0,0,0,49,1,0,0,0,0,0
0.9,28.63,1,0,0,15,0,4,0,0,2,0
0.8,19.83,0,1,0,24,0,4,1,0,1,0
0.3,19.33,0,1,0,47,0,3,0,0,2,1
1.5,20.11,0,0,1,44,0,3,1,0,0,1
2.8,24.88,0,1,1,33,1,2,0,0,0,0
3.5,27.81,0,0,1,42,0,3,0,1,1,0
2.8,19.76,0,1,0,14,0,3,1,0,2,0
2.3,19.0,0,1,0,24,1,0,1,0,2,0
0.1,22.81,0,1,1,17,0,1,0,0,1,1
2.2,23.77,1,0,0,32,1,2,0,0,0,0
0.6,20.26,1,0,1,12,1,0,0,0,2,0
1.7,23.41,0,1,0,20,0,4,1,0,1,0
3.9,31.59,0,1,0,12,0,1,0,1,0,0
2.9,21.2,0,1,1,43,0,3,0,0,1,1
3.3,21.52,0,1,1,55,0,0,1,0,1,0
1.6,30.48,0,1,1,39,0,3,0,0,1,0
3.1,26.73,0,0,0,20,0,0,0,1,0,0
3.3,26.78,0,1,0,34,0,3,0,0,0,0
3.4,24.68,0,1,0,44,0,2,1,1,0,0
1.9,31.56,0,1,0,28,0,1,1,0,2,0
0.3,19.55,0,0,0,33,1,2,0,0,0,0
1.2,17.09,1,1,0,54,0,2,1,0,2,1
2.3,30.65,0,0,0,6,0,1,1,1,2,0
2.8,21.86,0,1,1,15,0,1,0,0,2,1
2.5,16.75,0,0,1,23,0,0,1,0,0,1
0.4,31.12,0,0,0,8,0,0,1,0,2,0
3.6,17.48,0,1,0,32,0,0,1,0,2,0
2.6,26.23,0,0,1,28,0,4,1,0,2,0
1.7,28.12,0,1,1,11,0,4,0,0,2,0
0.9,25.12,0,1,0,31,0,4,1,0,2,0
3.9,17.29,0,0,1,55,1,4,1,0,1,0
1.7,22.86,0,1,0,13,0,2,0,0,1,0
4.0,26.5,1,1,1,21,0,3,0,0,2,0
2.0,18.4,0,1,1,44,0,2,0,0,2,1
3.1,23.9,1,0,0,48,1,1,1,0,2,0
2.6,20.44,0,1,1,41,0,4,0,0,0,0
0.9,25.15,1,1,1,26,1,2,0,1,2,0
3.5,17.04,1,0,1,26,0,3,0,0,1,0
0.6,21.05,0,1,1,23,0,3,1,1,0,0
3.3,31.97,1,1,0,29,0,3,1,0,0,0
2.9,27.61,0,1,0,49,0,3,0,1,2,0
1.6,19.42,0,0,0,15,0,0,1,0,0,1
1.1,17.19,0,0,0,5,0,0,1,1,0,0
0.4,19.09,0,0,0,42,0,4,1,0,0,0
1.0,16.53,0,1,0,39,0,4,0,0,1,0
2.0,21.3,0,1,0,43,0,2,0,0,0,1
1.0,27.84,0,1,1,29,0,1,0,0,2,1
0.9,23.57,0,0,1,17,0,3,1,1,0,0
3.4,21.03,0,1,1,12,0,0,1,0,1,0
1.6,30.21,0,0,0,20,1,0,0,0,0,0
0.8,25.44,1,1,0,43,0,4,0,0,2,0
1.9,26.39,0,0,1,37,0,4,0,1,0,0
1.4,17.79,1,1,1,29,1,3,0,0,1,0
2.1,16.96,0,1,1,45,0,4,1,0,2,0
0.7,25.52,0,0,1,9,0,1,1,1,2,0
1.2,28.36,0,1,1,23,0,2,1,0,0,0
3.0,24.98,1,1,1,20,1,1,0,1,1,0
0.1,28.6,0,0,1,8,0,1,1,0,1,0
1.6,18.11,1,0,1,44,0,2,1,0,1,1
0.6,21.71,0,1,1,6,0,0,0,0,0,0
3.6,24.39,0,1,0,18,0,1,1,0,1,0
3.5,27.35,0,1,1,38,0,3,1,0,0,0
3.1,19.49,1,0,1,22,1,1,0,1,0,0
0.2,16.68,0,1,1,43,0,4,1,0,0,0
3.9,25.64,1,0,1,8,0,0,1,0,2,0
0.1,26.49,0,0,1,50,0,3,0,0,0,1
0.9,29.45,0,0,0,16,0,0,1,0,0,0
1.9,30.35,0,0,1,55,0,1,1,0,0,0
3.6,28.01,1,0,1,31,0,4,0,0,1,0
2.7,27.19,0,1,1,30,0,3,1,1,1,0
1.0,30.14,0,0,1,8,1,3,1,0,0,0
1.9,21.85,0,0,0,20,0,3,1,0,2,1
3.8,17.91,1,0,1,48,0,2,0,0,1,0
0.3,17.79,0,0,0,34,0,1,0,0,0,1
3.5,29.5,1,1,1,55,0,2,0,0,0,0
1.3,31.17,1,0,1,35,0,2,1,0,2,0
0.3,31.97,0,1,1,17,0,3,1,0,1,0
3.7,25.54,0,0,0,26,0,3,0,0,1,0
3.1,18.89,0,1,0,6,0,3,1,0,1,0
3.3,19.55,1,0,1,11,0,1,1,0,0,0
3.7,24.59,0,1,0,25,0,2,1,0,1,0
2.6,22.77,0,1,0,31,0,3,1,1,1,0
1.4,31.34,0,0,1,46,0,0,1,0,0,0
0.2,26.04,0,0,1,53,0,1,1,0,1,1
0.9,27.39,0,1,0,27,0,4,1,0,1,0
0.4,27.94,0,0,1,51,0,2,0,0,0,1
0.9,30.15,0,1,0,43,0,0,0,0,0,0
2.1,22.9,0,0,0,26,0,2,0,0,0,1
3.8,27.52,0,0,0,50,1,0,1,0,1,0
3.1,16.62,0,1,1,26,0,2,1,0,2,0
1.2,26.28,1,0,0,44,0,0,0,0,0,1
0.7,20.07,0,1,1,10,0,3,1,1,1,0
1.4,26.42,0,1,0,54,0,2,0,0,2,1
1.7,21.57,0,1,0,45,0,3,0,0,0,1
2.3,22.34,0,1,1,32,0,4,0,0,2,0
2.3,23.9,1,0,1,40,0,3,1,0,1,1
3.7,26.78,0,0,0,28,1,3,1,0,0,0
1.1,16.9,0,0,0,38,0,2,1,0,1,1
2.3,19.37,1,0,0,20,0,0,0,0,2,1
0.4,25.53,0,1,0,44,0,2,1,0,1,1
2.9,25.5,1,0,1,9,0,2,1,0,1,0
2.6,29.95,0,1,0,29,0,0,0,0,0,0
1.8,19.74,0,1,0,55,1,0,1,0,2,0
0.3,22.48,0,0,1,9,1,3,0,0,1,0
2.1,21.63,1,0,0,18,0,0,0,0,1,1
1.9,30.93,0,0,1,46,0,0,1,0,1,0
0.1,29.0,0,0,0,39,0,1,0,0,1,0
0.3,17.93,0,1,1,55,1,1,1,1,0,0
2.6,28.82,0,1,0,54,0,4,0,0,0,0
3.1,31.21,0,0,1,40,1,2,0,0,0,0
2.3,17.54,0,0,0,8,0,2,1,0,0,0
1.6,21.97,0,1,1,11,0,2,0,0,1,0
3.0,23.31,0,1,0,34,1,4,0,0,0,0
1.0,18.34,0,0,1,37,0,4,1,0,1,0
2.9,24.16,0,1,0,47,0,4,0,0,1,0
2.9,20.12,1,1,0,29,0,1,1,1,1,0
1.0,18.88,0,0,1,19,0,1,1,0,1,1
3.3,26.49,0,1,1,34,0,4,0,0,0,0
2.8,30.94,0,1,1,53,0,2,0,0,1,0
3.5,16.53,0,1,1,36,0,2,1,0,1,0
2.0,26.97,0,1,0,40,0,4,0,0,1,0
2.6,31.9,0,0,1,31,1,1,1,0,1,0
0.3,30.91,0,1,0,24,0,4,1,1,2,0
0.5,27.54,0,1,0,34,0,0,0,0,1,1
3.4,17.38,1,1,0,32,0,2,0,1,1,0
3.7,26.72,0,0,1,21,0,4,0,0,1,0
0.8,29.75,0,0,0,36,0,0,0,1,1,0
3.4,29.65,0,0,1,49,0,2,1,0,2,0
1.2,30.15,0,1,1,24,0,3,1,0,0,0
3.5,17.66,0,0,0,17,0,4,1,0,1,0
3.5,29.23,0,1,0,11,1,1,1,0,2,0
4.0,27.53,1,1,0,49,0,0,1,0,1,0
0.6,21.64,0,1,0,33,0,3,0,0,2,1
0.4,21.47,0,1,0,55,0,0,0,0,1,1
1.6,17.19,0,1,0,25,1,3,0,0,2,0
3.5,20.45,0,0,0,40,0,4,0,0,2,0
3.7,16.29,0,0,1,36,0,4,1,1,1,0
2.3,30.02,0,0,0,30,1,2,0,0,0,0
3.4,24.08,0,0,0,11,0,4,0,1,0,0
1.8,25.6,0,0,0,10,1,3,1,1,0,0
1.0,17.53,0,0,0,36,0,0,1,0,1,1
1.8,22.44,0,0,1,14,0,1,0,0,0,0
0.3,28.49,1,0,0,31,0,3,1,0,0,0
1.7,28.54,0,1,1,35,1,1,1,0,1,0
2.5,23.0,0,1,1,47,0,4,0,0,0,0
3.6,28.67,0,1,1,46,0,0,0,0,0,0
0.7,19.15,0,1,0,11,0,1,0,1,1,0
1.8,25.12,0,0,1,25,0,1,1,1,2,0
0.9,28.0,0,1,0,40,1,4,1,1,2,0
1.1,24.91,0,1,1,53,1,2,1,0,0,0
4.0,20.66,0,1,1,54,0,2,1,0,1,0
3.9,16.16,1,0,1,36,0,2,1,1,1,0
0.2,21.34,0,0,0,37,0,3,1,0,1,1
2.1,17.91,0,0,1,36,0,3,1,0,2,1
1.7,22.85,1,0,1,28,0,3,0,0,1,1
1.7,20.52,1,1,0,48,0,1,1,0,1,1
0.3,18.7,0,1,0,50,0,4,1,0,2,0
3.4,26.16,0,0,1,31,0,1,0,0,0,0
1.0,18.16,0,1,0,29,1,4,0,0,1,0
0.1,19.05,1,0,1,35,1,4,0,0,2,0
0.0,19.98,0,0,1,27,0,3,1,0,0,1
3.1,22.09,0,1,1,34,0,0,0,0,1,0
3.5,20.55,0,1,1,22,0,1,1,1,2,0
0.4,23.71,0,1,1,7,0,3,1,0,0,0
4.0,27.3,0,0,0,28,0,3,1,1,1,0
2.0,23.83,0,0,0,14,0,4,0,0,0,0
3.2,23.25,0,1,1,8,0,1,1,0,1,0
2.1,16.87,1,1,0,32,0,2,0,1,2,0
3.6,30.04,0,0,0,36,0,2,0,0,0,0
2.5,31.92,0,0,1,26,0,1,0,0,2,0
1.6,20.3,0,0,0,51,0,3,0,0,0,1
3.1,31.51,0,0,0,24,0,4,0,1,0,0
1.8,17.46,0,0,0,46,0,0,0,1,1,0
2.3,20.44,0,1,1,23,0,4,0,1,1,0
0.1,31.78,0,0,1,27,0,1,1,0,0,0
1.1,29.22,0,0,1,12,0,3,0,0,0,0
1.7,30.07,0,1,1,34,0,0,0,0,1,0
2.7,24.42,0,0,0,36,1,3,1,0,1,0
3.1,17.5,0,0,1,6,0,0,0,0,0,0
3.1,22.35,0,0,1,21,0,0,1,0,0,0
3.3,21.74,1,0,0,27,0,2,0,0,2,0
3.1,16.64,0,1,1,24,0,1,1,0,0,0
3.6,23.41,0,0,1,54,0,0,1,0,0,0
1.1,27.64,0,1,1,8,0,4,1,0,2,0
1.6,18.18,0,0,1,26,0,2,0,0,1,1
1.1,23.75,1,0,1,32,1,4,0,1,0,0
1.7,24.95,0,1,0,28,0,4,1,1,2,0
1.6,19.07,0,1,1,20,0,0,1,0,1,1
3.5,28.06,0,0,0,47,0,1,0,0,1,0
4.0,25.93,0,1,1,30,1,0,0,1,2,0
1.7,18.53,0,1,0,8,0,1,1,0,0,0
0.1,22.98,0,1,0,9,0,0,0,0,0,0
0.4,17.45,0,0,0,25,0,3,0,0,1,1
3.7,29.34,0,0,0,23,0,2,1,0,2,0
2.8,16.71,0,0,0,8,0,0,0,0,0,0
0.2,23.57,1,1,0,26,1,1,0,0,0,0
0.3,27.47,0,0,0,9,0,1,0,0,2,0
1.3,23.69,0,0,0,8,0,1,0,0,1,0
3.9,20.51,0,0,0,54,0,2,1,0,0,0
3.3,31.31,0,1,0,12,0,2,0,0,2,0
0.4,18.65,0,1,0,53,0,3,0,0,1,1
0.7,19.34,0,1,0,22,0,2,0,0,0,1
0.2,17.9,0,0,0,10,0,3,0,0,1,0
0.4,27.63,0,0,1,46,0,2,1,0,1,1
1.2,29.87,0,0,0,7,0,3,0,0,2,0
2.0,27.81,0,1,1,5,0,1,0,0,0,0
1.9,16.47,0,1,0,39,1,0,1,0,1,0
0.5,31.07,0,1,0,5,0,1,0,0,1,0
3.6,18.46,0,1,1,46,0,3,1,0,2,0
3.4,21.34,1,0,0,34,1,2,0,0,2,0
0.9,20.86,0,1,1,27,0,3,1,0,0,1
1.1,17.95,0,1,1,35,1,1,0,0,1,0
2.4,26.82,0,1,1,6,0,3,1,0,1,0
2.3,31.81,0,0,0,24,0,4,0,1,0,0
3.5,17.85,0,0,0,55,0,2,1,0,0,0
0.8,16.73,0,1,1,41,0,3,1,0,2,1
2.0,31.92,0,0,1,20,0,0,1,1,2,0
2.3,16.66,0,0,1,30,0,2,0,0,0,1
0.3,21.04,1,0,1,12,0,2,1,1,0,0
1.9,22.21,1,1,1,43,0,1,1,1,0,0
2.4,16.57,0,1,0,55,0,3,1,1,1,0
2.9,31.35,0,1,0,24,1,2,0,0,0,0
0.4,21.97,0,0,0,51,0,2,1,0,1,1
0.9,21.54,0,0,1,40,0,3,1,0,2,1
2.0,27.7,0,0,0,37,0,4,1,0,2,0
1.2,18.37,0,1,0,33,0,4,1,0,2,0
2.2,19.87,0,1,0,18,0,4,1,1,1,0
0.4,25.48,0,1,1,7,0,1,1,0,1,0
1.9,30.39,0,1,0,21,0,1,1,0,2,0
1.2,29.76,0,0,0,36,1,2,0,0,1,0
3.9,23.03,0,0,0,6,1,4,1,0,2,0
3.1,20.76,0,0,0,35,0,1,1,0,1,0
0.5,31.76,0,0,1,8,0,4,1,0,0,0
0.1,17.86,0,0,0,49,0,0,0,0,2,1
0.9,18.08,1,0,0,10,0,0,0,0,2,0
3.7,26.56,0,0,0,36,0,2,0,1,2,0
1.0,26.57,0,1,0,26,0,3,0,0,1,1
2.2,20.99,0,0,1,16,1,3,1,0,1,0
0.1,19.63,1,0,1,49,1,1,0,1,0,0
1.0,20.28,0,0,1,11,1,2,0,0,1,0
2.6,17.62,0,1,0,36,0,2,0,1,2,0
3.9,26.91,0,0,0,55,0,3,1,0,1,0
0.4,18.01,0,0,1,24,0,1,0,0,1,1
3.1,21.59,0,0,1,43,0,3,0,0,0,0
0.0,22.06,0,0,1,5,0,0,0,1,2,0
3.9,17.9,0,1,1,51,0,0,0,0,0,0
0.9,21.04,1,1,0,11,0,1,0,0,0,0
2.0,29.93,0,0,1,23,0,0,1,0,1,0
2.8,23.64,0,0,0,7,0,2,1,0,2,0
1.4,23.1,0,0,0,32,0,0,0,0,0,1
3.6,17.19,0,1,0,9,0,3,0,0,2,0
3.8,16.47,0,0,1,54,0,2,0,0,1,0
3.9,31.66,0,1,1,41,0,0,1,1,1,0
3.2,22.79,1,0,0,11,1,3,1,0,0,0
3.2,18.02,0,0,0,25,0,3,0,0,0,0
2.3,26.87,0,1,1,49,0,0,1,0,1,1
0.9,20.61,0,1,0,32,0,2,0,0,0,1
0.4,21.63,0,1,1,53,1,4,0,0,2,0
1.5,22.94,0,1,1,54,0,0,0,1,1,0
2.0,17.25,0,0,1,9,1,4,1,0,1,0
0.5,19.21,1,1,0,6,1,0,1,0,1,0
0.1,20.29,0,1,0,49,1,0,1,0,0,0
0.2,17.21,0,1,0,47,0,0,1,0,0,1
3.9,24.43,0,1,0,28,1,1,1,0,1,0
1.1,31.57,0,1,0,15,0,4,1,0,0,0
1.9,28.29,0,0,1,44,0,0,1,0,0,0
1.0,17.7,1,1,1,39,1,0,0,0,0,0
0.4,30.38,0,0,1,8,0,0,0,0,0,0
2.1,27.6,0,0,1,40,0,3,1,0,2,1
2.7,21.24,0,0,1,36,1,2,0,0,1,0
3.2,24.25,0,0,1,52,1,4,0,0,1,0
1.2,18.29,0,0,1,53,0,0,1,1,0,0
1.5,27.6,0,1,1,17,0,3,1,0,0,1
0.4,27.36,1,1,1,22,0,3,1,1,0,0
2.6,20.77,0,1,0,26,0,3,0,0,1,1
3.7,28.82,0,1,1,40,0,2,0,0,2,0
0.9,31.47,0,1,0,42,0,1,0,0,1,0
1.2,28.38,0,0,1,36,0,1,1,0,0,0
2.7,24.44,0,0,1,28,0,4,1,0,2,0
4.0,19.88,0,1,0,11,0,2,1,0,2,0
1.8,25.85,0,0,0,12,1,4,0,0,1,0
0.2,24.81,0,1,0,39,0,0,1,0,2,1
3.9,24.69,0,0,1,41,0,4,1,0,1,0
3.7,20.85,1,1,0,10,1,1,1,0,2,0
0.2,22.15,0,1,0,36,0,0,1,0,0,1
0.3,25.39,0,1,1,14,0,3,0,1,2,0
0.8,29.44,0,0,1,21,0,4,1,0,0,0
0.4,16.19,0,0,1,21,0,0,1,0,1,1
1.2,29.4,0,1,0,17,0,3,0,0,2,0
2.7,16.17,1,1,1,19,0,3,1,1,1,0
3.6,27.4,0,0,0,51,0,1,0,0,0,0
1.1,25.26,0,1,0,5,1,1,0,0,2,0
1.1,24.5,0,0,1,13,0,4,1,0,0,0
0.8,30.15,0,0,1,45,0,0,1,0,1,0
2.3,25.07,0,0,0,55,1,0,0,0,2,0
2.9,24.75,0,0,0,50,0,3,1,0,1,1
2.7,30.79,0,1,0,7,0,4,0,0,0,0
2.3,20.3,1,1,0,42,0,0,1,0,2,1
0.8,25.48,0,1,1,53,0,4,1,0,1,0
2.1,25.84,0,1,1,51,0,0,1,0,0,1
1.9,31.96,0,1,1,35,0,3,1,1,0,0
0.4,28.87,0,1,1,26,0,4,1,0,0,0
3.0,19.97,0,1,0,28,0,4,0,0,1,0
0.0,29.82,0,1,1,17,0,2,1,0,0,0
3.3,29.32,1,0,1,54,0,3,0,0,1,0
2.6,20.73,0,1,0,34,0,1,0,0,2,1
2.8,29.89,0,1,0,9,1,3,1,1,1,0
1.9,18.68,0,0,0,19,0,3,0,0,2,1
1.6,17.82,0,1,0,46,0,1,0,0,2,1
1.8,28.31,0,0,1,17,0,2,1,1,1,0
3.3,21.56,0,1,1,36,0,0,1,1,1,0
2.7,19.06,0,0,0,28,0,0,1,1,2,0
3.6,16.57,0,0,1,41,0,3,0,0,1,0
0.4,29.43,0,1,0,50,0,2,0,0,0,0
3.8,17.9,0,0,1,6,0,0,1,0,2,0
0.3,28.18,0,0,0,5,0,4,1,0,1,0
0.9,17.39,0,0,0,14,1,0,0,0,1,0
3.6,24.11,1,1,1,45,0,2,1,0,0,0
0.0,16.95,0,1,1,49,0,4,0,1,1,0
1.5,20.8,0,1,1,43,0,0,1,1,0,0
1.2,22.21,0,1,0,20,0,0,0,0,2,1
2.6,18.52,0,0,0,34,0,2,1,0,2,1
3.2,22.87,0,0,1,23,0,1,0,0,0,0
3.0,17.19,0,0,0,12,0,4,0,0,2,0
1.5,27.04,0,0,1,53,0,4,0,0,1,0
2.4,16.19,0,0,1,52,0,2,1,1,2,0
1.2,18.99,0,0,0,32,0,4,0,0,0,0
1.5,22.3,0,0,0,17,0,0,0,1,1,0
0.1,19.41,1,0,1,46,0,3,1,0,0,1
3.7,25.43,0,0,0,8,0,3,0,0,2,0
3.8,30.42,0,0,1,18,1,1,1,0,2,0
2.1,24.39,0,0,0,37,0,3,1,0,2,1
2.6,17.1,0,0,1,45,0,0,0,0,0,1
1.0,22.62,0,1,0,51,0,1,0,0,0,1
1.2,29.88,0,1,0,48,0,0,1,0,2,0
0.1,30.9,0,1,1,33,1,1,0,0,2,0
3.1,23.6,0,1,1,11,0,2,1,0,0,0
2.4,19.81,0,1,0,20,1,3,0,1,1,0
3.9,24.13,0,1,0,18,0,0,1,1,1,0
1.2,22.05,0,1,1,15,0,4,0,0,1,0
1.5,29.23,0,0,0,55,0,1,0,1,0,0
1.1,24.36,0,0,1,29,1,4,1,0,2,0
3.3,27.18,0,0,0,10,0,4,0,0,0,0
2.9,28.7,1,1,0,13,1,2,0,0,2,0
0.1,26.56,0,0,1,17,0,2,1,0,2,1
2.0,20.53,0,0,0,54,0,2,1,0,2,1
1.7,26.46,0,0,0,42,0,1,0,0,1,1
0.5,27.77,1,0,1,34,0,2,0,0,0,1
3.6,17.29,1,0,1,36,0,4,0,0,0,0
2.3,26.94,0,1,1,21,0,0,0,0,2,1
2.9,31.01,0,0,0,49,0,1,0,0,0,0
1.4,16.45,0,1,1,51,0,1,0,0,0,1
0.6,30.78,0,0,0,9,0,3,1,0,2,0
0.2,18.66,0,1,0,45,0,3,1,0,2,1
1.4,30.0,0,1,1,45,1,4,0,0,2,0
2.1,22.36,0,1,0,44,0,4,1,0,2,0
2.0,25.62,0,0,0,12,1,4,0,0,2,0
0.9,20.81,0,1,0,20,1,0,1,0,1,0
0.7,24.66,0,1,1,11,0,4,1,1,1,0
2.5,19.43,0,0,0,22,0,0,1,0,0,1
2.5,25.53,0,1,1,18,0,4,0,0,2,0
2.2,25.58,0,0,1,25,0,1,0,1,1,0
2.7,19.41,0,0,0,23,0,1,1,1,0,0
0.4,18.86,0,0,1,18,0,1,0,0,0,1
0.3,28.83,0,1,0,39,1,4,1,0,0,0
1.1,24.98,0,1,0,25,1,0,0,0,0,0
1.8,21.09,1,1,1,43,0,3,0,1,1,0
3.2,16.52,0,0,0,13,1,4,1,1,2,0
0.3,29.53,0,1,1,13,0,1,0,1,0,0
3.2,19.88,0,0,0,14,0,4,1,0,1,0
1.5,29.32,0,1,0,52,0,3,0,0,0,0
3.6,29.96,0,0,1,50,0,4,0,0,1,0
2.2,17.67,0,1,1,45,0,4,1,0,0,0
2.2,22.16,1,0,0,8,1,2,1,0,2,0
3.8,30.1,1,1,1,10,0,0,0,0,2,0
2.8,24.24,0,1,1,33,1,2,0,0,2,0
1.5,24.92,0,1,1,47,1,1,1,0,2,0
2.6,24.15,0,1,0,40,0,1,1,0,2,1
2.4,25.4,0,0,0,41,1,4,0,1,0,0
2.6,21.48,1,1,0,43,0,4,0,0,0,0
2.6,23.78,1,0,1,40,1,2,1,0,0,0
2.1,22.06,0,0,0,31,0,1,0,0,1,1
1.9,21.33,0,0,1,35,1,2,0,0,2,0
2.5,22.94,0,0,1,34,0,0,1,0,2,1
0.1,16.26,0,1,1,26,1,4,1,1,2,0
1.9,22.49,1,1,0,21,1,0,0,0,1,0
2.6,28.59,0,1,1,10,0,3,1,0,1,0
2.0,23.39,0,1,0,38,0,3,0,0,0,1
2.4,24.7,0,1,0,17,0,1,1,0,2,1
1.0,28.12,0,0,1,55,0,3,0,0,2,0
3.5,24.22,0,1,1,42,0,1,1,0,2,0
1.3,28.49,0,0,0,20,0,1,1,0,1,0
2.8,26.31,1,1,0,13,1,4,1,1,0,0
1.1,19.84,0,1,0,48,1,4,0,1,0,0
3.6,24.52,0,1,1,13,0,3,0,0,1,0
0.9,25.46,0,0,1,29,0,4,1,1,1,0
2.1,30.82,0,0,0,12,0,4,1,0,2,0
1.9,23.24,1,0,1,54,0,1,0,1,0,0
0.1,23.7,0,1,0,38,0,2,1,0,2,1
3.1,22.7,0,0,0,18,0,4,1,1,0,0
2.4,29.33,0,0,0,23,0,3,0,0,1,0
1.2,28.67,0,1,0,10,0,2,1,0,2,0
0.0,30.2,0,1,1,19,0,3,1,0,1,0
1.9,19.57,0,1,1,43,0,1,0,0,1,1
3.9,25.26,0,1,0,44,0,1,1,0,1,0
1.0,19.03,0,0,0,42,0,1,1,0,1,1
3.9,17.59,0,0,0,55,1,0,0,0,2,0
2.7,28.95,0,0,0,31,0,1,1,0,0,0
1.5,24.99,0,1,1,43,1,1,1,0,2,0
1.9,29.11,0,1,0,34,1,1,1,0,2,0
1.0,18.38,0,1,1,10,1,2,1,0,1,0
0.6,16.76,0,1,0,39,0,4,1,0,1,0
2.5,28.67,0,1,0,52,0,2,0,0,1,0
3.3,23.95,0,1,0,33,0,2,0,0,1,0
1.1,26.08,0,0,1,18,0,2,1,0,1,1
0.6,19.75,0,0,0,29,1,4,1,0,1,0
1.8,22.95,0,0,1,53,0,3,1,0,2,1
0.4,19.17,1,0,0,53,0,0,1,1,1,0
3.7,28.12,0,0,0,53,0,4,1,0,0,0
2.2,30.38,0,0,0,6,0,0,1,0,0,0
2.2,19.17,1,0,0,21,0,2,1,0,1,1
2.9,29.25,0,0,0,14,1,4,1,1,0,0
0.8,16.07,1,1,0,31,0,2,0,0,0,1
0.3,26.36,1,0,0,5,0,4,0,1,0,0
3.1,18.18,0,0,1,43,0,4,0,0,1,0
1.2,28.28,1,1,1,51,1,2,1,1,0,0
1.0,30.68,1,1,1,54,0,3,0,0,1,0
2.7,24.63,1,1,1,34,0,3,1,0,1,1
1.6,20.73,0,1,1,33,0,2,0,1,2,0
3.4,27.71,1,1,1,44,0,0,0,0,0,0
2.8,27.41,0,0,0,51,0,2,0,0,0,1
2.2,30.02,0,1,0,20,0,4,0,0,0,0
1.4,22.88,0,0,0,41,0,1,0,0,2,1
0.9,31.77,0,0,0,16,0,0,1,0,1,0
0.0,22.46,0,1,1,36,0,0,1,0,1,1
0.4,21.66,0,1,1,47,0,0,1,1,1,0
0.0,25.92,0,0,0,24,0,1,0,0,0,1
2.9,28.86,0,0,1,49,0,1,0,0,2,0
2.0,28.88,1,0,1,37,0,3,0,0,2,0
1.9,16.18,0,0,1,13,1,4,0,1,0,0
1.0,22.14,1,0,1,14,0,0,0,0,2,0
1.6,25.79,0,0,0,6,0,4,0,0,1,0
3.2,18.73,0,1,1,35,0,3,0,1,2,0
3.1,19.69,0,1,0,14,0,4,0,0,0,0
3.4,27.1,0,1,1,49,0,0,1,0,1,0
0.5,30.21,0,1,1,23,0,1,1,1,1,0
3.3,20.24,0,1,1,42,1,0,0,0,1,0
0.9,29.49,1,0,0,28,0,1,0,1,2,0
2.0,26.77,1,1,1,51,0,4,1,0,2,0
2.8,30.75,1,0,1,14,0,0,1,0,0,0
0.3,30.47,0,1,1,5,0,4,0,0,2,0
1.2,17.32,1,1,1,44,0,0,1,0,2,1
0.3,23.47,0,0,0,38,0,2,1,0,1,1
2.0,24.04,0,1,1,42,0,1,0,0,2,1
2.5,30.42,0,0,1,49,0,2,1,0,2,0
2.2,26.61,0,1,0,39,1,4,0,0,0,0
3.4,18.73,0,1,1,13,0,2,1,0,0,0
3.2,24.11,1,0,0,31,0,3,0,1,0,0
1.3,31.05,0,0,0,18,0,1,0,0,1,0
0.4,19.27,0,0,0,23,1,0,0,0,1,0
2.9,23.81,1,1,0,6,0,4,1,0,2,0
0.3,21.4,0,0,1,31,1,0,0,0,2,0
2.3,20.43,0,1,0,35,1,1,0,1,1,0
3.3,22.27,0,1,0,23,0,3,0,0,1,0
3.9,20.18,0,0,1,37,1,0,0,0,2,0
1.7,28.84,0,1,1,41,0,1,1,0,0,0
1.2,21.21,0,1,1,31,0,4,1,1,0,0
1.8,16.26,1,0,0,47,0,2,0,0,1,1
3.1,29.0,0,0,0,22,0,3,1,0,2,0
1.3,24.3,1,1,0,12,0,3,0,0,1,0
3.2,31.48,1,0,0,28,0,4,0,0,2,0
0.9,25.11,0,0,0,36,0,3,1,0,1,1
1.9,18.49,0,0,0,32,1,0,0,0,2,0
1.3,23.39,0,1,0,37,0,4,0,0,0,0
1.7,25.12,0,1,1,46,0,1,0,0,2,1
3.2,22.31,1,0,0,33,1,2,1,0,0,0
0.4,30.93,1,1,1,38,0,4,1,0,1,0
2.5,30.24,1,1,0,14,0,0,0,0,0,0
3.6,25.42,0,0,1,53,1,2,1,0,1,0
3.9,20.48,0,1,0,16,0,1,0,0,1,0
3.1,25.67,1,0,1,20,0,3,1,0,1,0
3.8,23.59,1,1,1,48,0,1,1,0,1,0
3.5,23.02,0,0,0,38,0,2,0,0,0,0
3.3,27.93,0,0,0,16,0,0,0,0,1,0
0.2,25.89,0,1,1,9,1,1,1,1,0,0
1.5,30.59,1,1,0,36,0,4,0,0,1,0
2.1,30.73,0,0,1,19,0,4,1,0,0,0
0.6,19.8,1,1,0,48,1,1,0,0,0,0
3.4,16.93,0,0,1,5,0,1,0,1,1,0
3.8,17.14,0,1,0,47,0,3,1,0,0,0
2.6,19.54,0,1,0,51,0,3,1,0,0,1
1.7,18.91,0,1,1,25,1,4,1,0,0,0
3.2,16.52,1,0,1,50,0,4,0,0,0,0
1.8,16.52,1,1,1,35,0,2,0,0,2,1
0.1,22.16,0,1,0,55,0,2,1,1,2,0
1.1,22.05,1,1,1,21,0,3,1,0,0,1
0.2,21.41,0,1,0,20,0,4,1,0,0,0
1.8,16.89,0,0,1,34,0,1,1,0,2,1
3.6,31.86,1,1,1,31,0,3,0,0,1,0
0.3,19.65,0,1,0,23,0,4,1,0,2,0
1.2,30.13,0,0,0,14,1,2,1,0,0,0
0.3,22.35,0,1,0,19,0,3,1,0,1,1
2.5,19.78,0,1,0,51,0,4,1,0,2,0
3.2,29.48,0,1,1,36,0,2,1,0,2,0
1.6,27.78,0,0,1,14,0,2,0,0,0,0
2.8,26.39,0,1,1,35,0,2,1,0,1,1
2.9,19.95,1,1,1,55,1,0,1,0,0,0
1.8,27.57,0,0,0,43,1,1,1,0,2,0
3.2,23.79,1,1,1,8,0,3,0,1,0,0
3.1,21.75,0,0,0,31,1,2,1,0,2,0
2.7,23.74,1,0,0,29,0,0,1,0,1,1
2.7,28.79,0,0,0,49,0,0,1,0,1,0
1.8,30.22,0,1,1,10,0,3,0,0,0,0
1.6,27.85,0,0,1,5,0,4,0,1,1,0
3.3,19.36,0,1,1,24,0,4,1,1,0,0
0.7,23.88,0,1,0,44,1,1,1,0,1,0
1.8,18.74,0,1,1,55,0,3,1,1,1,0
0.7,17.23,0,1,0,10,0,4,1,0,2,0
2.9,30.14,1,1,0,48,0,4,0,1,2,0
2.8,20.55,0,0,0,29,1,2,1,1,1,0
1.9,19.65,0,0,0,54,0,1,0,1,0,0
1.4,27.74,0,0,1,20,0,2,1,0,2,1
2.4,29.45,0,1,0,21,0,1,1,0,0,0
3.1,26.24,0,0,0,18,0,4,0,0,0,0
2.3,26.29,0,0,1,40,1,1,0,1,0,0
0.1,26.05,0,1,0,15,0,1,0,0,2,1
1.9,18.2,1,0,1,18,0,2,0,0,2,1
3.8,16.78,1,0,0,48,0,1,1,0,2,0
0.4,18.8,1,1,0,15,1,2,0,0,2,0
3.1,18.37,0,1,0,11,0,3,1,0,1,0
0.5,16.97,0,0,0,42,0,2,1,0,0,1
0.2,22.65,0,0,0,26,0,0,0,0,2,1
0.6,31.02,0,0,0,9,0,3,0,0,2,0
3.9,29.75,1,1,1,18,0,2,1,1,2,0
0.6,18.13,0,1,0,13,1,3,1,0,0,0
2.3,16.02,0,0,0,16,0,2,1,0,1,1
1.9,19.66,0,0,0,13,0,0,0,0,0,0
0.3,30.99,0,1,0,39,0,0,1,0,1,0
1.2,31.14,0,0,1,51,0,0,1,0,2,0
2.0,25.75,0,1,0,18,0,3,1,0,0,1
1.7,31.44,0,0,1,8,1,4,1,1,2,0
0.5,26.16,0,1,1,49,0,1,0,0,1,1
2.1,20.65,0,0,1,50,0,0,1,0,2,1
1.1,28.91,0,1,0,33,1,0,1,0,0,0
2.1,23.39,0,0,1,43,1,4,1,0,1,0
1.8,16.7,0,0,1,42,0,1,1,0,2,1
3.2,18.0,0,0,1,49,0,2,1,1,0,0
2.3,24.87,0,0,0,42,0,4,0,0,0,0
2.4,31.81,0,0,1,27,0,1,0,0,1,0
1.3,29.68,0,0,1,34,0,3,1,0,2,0
1.5,16.52,0,0,0,46,0,2,1,0,2,1
2.7,28.49,0,0,0,37,0,1,0,0,2,0
1.7,22.66,0,0,1,50,0,0,1,0,0,1
3.8,29.7,1,1,1,20,0,2,1,0,0,0
1.6,29.3,1,0,1,14,0,3,1,0,0,0
1.0,31.89,0,0,0,27,0,3,0,0,2,0
0.4,27.19,0,1,0,7,0,2,1,0,2,0
1.5,27.75,0,1,1,24,0,2,0,0,0,1
3.9,24.89,1,0,0,49,0,3,0,0,1,0
2.6,28.69,0,0,1,36,1,3,0,0,1,0
3.7,20.07,0,0,0,44,0,2,0,0,1,0
2.4,30.51,0,1,1,6,1,0,0,1,0,0
4.0,27.03,0,1,0,28,0,3,1,0,1,0
3.8,18.28,0,0,1,39,0,2,1,1,2,0
0.4,25.98,0,1,1,25,0,4,1,0,2,0
3.9,17.89,0,0,0,11,1,3,1,0,2,0
2.5,30.87,0,0,0,18,0,4,1,0,1,0
1.2,25.63,0,0,1,55,1,0,0,0,2,0
2.7,20.58,1,1,0,54,0,0,0,0,1,1
0.4,30.69,0,0,0,10,0,0,0,0,2,0
2.8,29.85,0,1,0,6,0,2,1,0,2,0
1.6,17.41,1,1,1,20,0,1,0,0,1,1
3.7,31.81,0,0,1,10,0,3,0,1,1,0
1.2,16.04,0,1,1,26,0,0,1,0,1,1
3.9,25.29,1,1,1,9,1,0,0,1,1,0
3.2,18.36,0,1,1,10,0,4,1,1,1,0
1.2,18.16,1,1,0,22,1,1,1,1,1,0
0.9,22.32,0,1,1,29,1,4,0,0,2,0
0.3,24.65,0,0,1,32,0,3,1,0,1,1
3.8,23.06,1,1,0,15,0,1,1,0,1,0
1.5,17.79,1,1,0,21,0,4,1,1,2,0
2.7,27.58,1,1,0,15,0,4,1,0,1,0
3.3,17.54,0,0,0,25,0,2,1,0,2,0
2.1,16.74,1,0,0,19,0,0,0,0,0,1
0.9,31.99,0,1,1,13,1,4,1,0,2,0
3.4,21.58,0,0,1,20,1,3,1,0,1,0
2.9,21.09,1,1,1,5,0,3,0,0,2,0
0.7,28.33,0,1,1,10,0,0,1,1,0,0
3.7,20.04,1,1,1,52,0,2,1,0,0,0
0.2,24.53,0,1,1,35,0,3,1,0,1,1
2.4,31.37,0,0,1,36,0,0,0,0,2,0
1.0,18.55,0,1,0,12,1,2,0,0,0,0
1.6,17.92,0,1,1,7,0,0,1,0,2,0
3.5,31.54,0,1,1,14,0,1,1,0,1,0
1.0,20.09,1,1,1,38,0,4,1,0,1,0
1.3,22.09,1,0,1,16,0,2,1,0,2,1
1.9,31.53,0,0,1,49,0,2,1,0,2,0
0.3,25.26,1,1,1,47,0,1,0,0,2,1
2.1,21.96,0,1,0,5,1,4,1,0,0,0
3.3,21.35,0,1,0,54,0,4,0,0,2,0
2.8,25.32,0,1,1,27,0,0,1,0,2,1
3.2,23.49,0,0,0,36,0,3,0,0,1,0
1.6,31.06,0,1,1,18,0,0,1,1,0,0
3.1,31.46,0,0,0,38,0,0,0,0,1,0
2.9,26.87,0,1,1,36,0,3,1,0,1,1
1.5,23.26,0,0,1,29,0,0,1,0,1,1
0.8,17.04,1,0,0,45,0,4,1,0,0,0
0.6,25.27,1,1,1,54,1,1,1,0,0,0
2.9,31.46,1,1,0,19,1,1,1,0,1,0
2.2,31.17,0,1,0,30,1,2,1,1,2,0
2.7,18.68,0,1,1,25,0,1,0,0,0,1
0.1,27.81,0,1,0,37,1,3,0,0,1,0
0.4,24.68,1,1,0,33,0,2,1,0,1,1
1.7,28.53,0,0,0,38,0,3,0,1,0,0
2.5,20.56,0,0,0,34,0,2,0,0,1,1
0.9,25.36,0,0,0,19,1,1,0,0,2,0
1.8,26.69,0,0,1,29,0,4,0,0,1,0
1.9,30.16,1,1,0,6,0,3,0,0,0,0
2.1,21.48,0,0,0,25,0,0,0,0,2,1
3.6,18.3,0,1,1,21,0,0,1,0,0,0
3.4,22.88,0,0,1,14,0,1,0,1,0,0
3.4,16.47,0,0,0,34,0,4,0,0,1,0
1.5,23.46,0,1,0,52,1,2,1,1,2,0
0.5,28.39,0,0,0,18,1,2,0,0,2,0
3.3,26.89,0,0,1,38,0,0,1,0,2,0
1.2,29.46,0,0,0,10,0,2,1,1,0,0
2.3,24.88,0,1,1,33,0,2,1,1,2,0
2.3,16.45,0,1,0,15,0,3,1,0,1,1
2.3,18.03,0,0,0,33,0,2,1,0,0,1
2.3,18.2,0,1,0,9,0,4,0,0,2,0
2.4,28.19,0,1,0,25,0,3,1,0,2,0
2.6,27.19,0,1,0,45,0,4,1,0,0,0
3.4,26.81,0,0,1,9,0,4,0,0,2,0
2.6,26.76,0,0,0,29,0,1,0,0,2,1
3.5,21.11,1,0,1,30,0,4,0,1,2,0
2.0,25.06,0,0,0,8,0,0,1,0,0,0
0.2,21.74,0,1,0,49,0,1,0,0,1,1
3.3,24.94,0,0,0,16,0,4,1,1,2,0
0.4,25.53,0,1,0,12,0,4,1,0,1,0
3.5,31.38,0,0,1,38,0,2,1,1,0,0
2.3,21.99,0,1,0,20,0,1,0,1,1,0
0.6,23.99,1,1,0,42,0,1,1,0,1,1
3.0,17.1,0,1,1,12,0,2,1,0,2,0
2.8,24.97,0,0,0,5,0,0,1,0,1,0
1.9,30.41,0,0,1,18,0,3,0,0,1,0
0.1,19.8,0,0,0,19,0,0,1,1,1,0
2.4,30.66,0,0,1,42,0,2,0,0,0,0
3.2,26.53,0,1,1,46,1,1,1,0,2,0
3.2,18.48,0,1,0,22,0,3,0,0,2,0
0.1,31.71,0,0,1,50,0,0,1,0,1,0
2.1,17.42,0,1,1,41,0,0,0,0,1,1
0.0,18.81,1,1,0,27,0,3,0,0,2,1
4.0,24.85,0,1,1,13,0,2,0,0,0,0
1.9,24.73,0,0,1,39,0,0,1,0,2,1
1.7,19.59,0,0,1,19,0,1,0,0,0,1
2.6,16.87,0,0,0,55,1,3,0,1,0,0
2.0,28.0,0,0,0,35,1,3,1,0,2,0
2.8,22.92,1,1,0,32,0,2,1,1,0,0
1.8,25.12,0,1,1,14,0,2,0,0,1,0
3.9,27.06,0,0,0,11,0,0,1,0,1,0
3.4,18.3,0,0,0,45,0,1,0,0,0,0
3.9,24.47,0,1,0,32,0,0,1,0,2,0
0.6,17.15,0,0,0,17,0,3,0,1,0,0
2.4,27.58,0,1,1,5,0,4,1,0,0,0
0.5,18.75,0,1,1,17,0,4,0,1,1,0
1.3,28.45,1,0,0,34,0,2,0,0,1,0
2.7,18.41,0,1,0,6,0,0,1,0,0,0
3.7,23.07,1,0,0,7,0,4,0,0,0,0
0.6,17.63,0,0,1,54,0,1,1,0,1,1
0.0,17.15,1,0,0,35,1,3,0,0,0,0
2.6,17.12,0,1,0,34,1,1,1,0,2,0
1.4,21.14,1,1,1,12,1,2,0,1,0,0
2.6,22.97,0,0,1,21,0,1,1,1,0,0
0.1,23.66,0,0,0,27,1,1,1,0,0,0
1.1,30.54,1,0,1,53,0,1,0,1,1,0
0.2,22.78,0,1,1,8,0,2,1,0,0,0
0.3,25.37,0,0,0,31,0,2,0,0,0,1
2.7,31.71,0,0,1,40,1,2,1,0,0,0
1.0,26.42,0,0,1,10,0,2,0,0,1,0
2.3,26.65,0,1,0,17,0,2,0,1,2,0
3.9,30.15,0,0,0,20,1,1,1,0,2,0
1.2,31.42,1,1,1,53,1,3,1,1,0,0
3.7,18.34,0,0,0,25,0,2,0,1,0,0
0.5,29.99,0,1,1,23,0,1,0,0,1,0
2.4,31.29,0,0,1,9,1,3,0,1,1,0
0.0,21.92,0,0,0,15,0,0,1,0,1,1
1.0,23.77,1,1,0,35,0,1,0,0,0,1
2.8,20.44,1,1,1,52,0,0,0,0,1,1
3.8,24.64,0,1,1,17,0,2,1,0,1,0
2.2,24.01,1,0,1,34,0,4,0,0,0,0
0.9,16.32,0,1,0,47,0,3,1,0,0,1
3.5,31.78,0,0,0,41,0,4,0,0,0,0
3.3,26.57,0,1,0,26,0,1,1,0,1,0
1.5,21.84,1,1,1,55,0,3,0,0,1,1
1.9,19.4,0,1,1,32,0,1,0,0,2,1
2.0,18.34,1,0,0,5,1,4,0,1,2,0
3.6,20.32,0,0,0,9,0,2,1,1,1,0
0.5,25.4,0,1,0,9,0,0,0,0,0,0
1.9,31.34,0,0,1,26,0,1,0,0,2,0
1.9,23.23,1,1,0,53,0,4,0,0,1,0
2.6,23.5,0,1,1,31,0,1,1,0,0,1
1.2,20.31,0,0,1,9,0,1,1,1,0,0
2.5,31.34,0,0,1,46,0,4,0,0,1,0
2.8,31.08,0,1,1,48,1,4,0,1,0,0
3.5,29.07,0,0,0,40,0,2,0,0,0,0
3.1,28.04,0,0,1,26,0,3,0,0,2,0
0.6,24.11,0,1,0,55,0,1,1,0,2,1
0.0,18.7,0,0,0,25,1,0,0,0,1,0
3.6,19.47,0,1,0,15,0,0,1,0,0,0
3.8,28.03,0,1,0,52,1,0,0,0,0,0
1.1,20.02,0,1,1,47,0,1,1,1,2,0
3.3,22.13,0,1,1,21,0,4,1,0,0,0
1.3,28.31,1,0,1,11,0,2,0,0,2,0
3.6,17.19,0,1,0,40,0,2,1,0,1,0
3.4,28.99,0,1,1,42,1,0,0,0,1,0
3.1,17.79,0,1,1,19,0,0,1,0,2,0
1.1,19.59,0,1,0,13,0,0,0,0,1,0
0.5,16.83,0,1,0,28,0,1,0,1,0,0
1.3,16.07,0,0,0,19,1,2,0,0,1,0
3.1,24.93,0,0,0,15,1,1,1,0,1,0
3.4,16.25,0,0,0,8,0,4,0,0,2,0
1.2,31.86,0,1,0,45,1,4,0,1,2,0
3.0,30.74,0,1,1,14,1,1,1,1,1,0
1.9,17.6,0,1,1,21,0,1,0,0,2,1
0.4,22.6,0,0,1,10,0,2,0,0,0,0
1.3,31.11,1,0,0,19,0,3,0,0,1,0
2.4,17.54,0,0,1,34,0,3,1,0,1,1
2.9,31.86,0,0,1,42,0,1,1,0,2,0
0.4,19.47,0,0,0,13,1,3,1,0,1,0
2.1,20.32,0,1,0,44,1,1,1,0,2,0
0.2,18.99,0,0,0,38,0,4,1,1,0,0
3.7,23.69,0,1,1,44,0,0,0,0,1,0
2.9,27.48,0,1,0,10,0,2,1,0,2,0
3.9,30.93,0,0,0,10,0,2,0,0,2,0
1.1,24.68,1,1,0,7,1,1,1,0,1,0
3.5,18.68,0,0,0,35,0,4,1,0,0,0
0.4,19.86,0,1,0,45,0,1,1,0,1,1
2.4,29.92,0,1,0,52,1,2,0,0,1,0
1.7,24.29,0,1,0,24,1,4,1,0,1,0
3.9,18.58,0,0,1,38,0,4,1,0,1,0
3.9,26.75,1,1,1,43,0,2,1,1,0,0
3.3,30.02,0,1,1,41,0,4,0,0,1,0
1.5,29.34,1,1,0,5,1,0,1,1,1,0
2.0,22.47,0,0,0,53,0,1,1,0,2,1
3.5,16.72,0,1,1,21,0,1,0,0,2,0
2.5,24.1,0,1,1,28,0,3,0,0,0,1
2.7,17.79,1,0,0,21,1,4,0,0,1,0
1.4,27.56,0,1,0,44,1,3,1,1,1,0
0.7,25.13,0,0,1,54,0,4,1,0,0,0
3.4,19.49,0,0,0,26,1,4,1,0,0,0
1.1,26.21,1,0,0,9,0,4,1,1,0,0
0.0,16.04,0,1,0,23,0,1,0,0,2,1
2.6,27.99,1,1,1,37,0,2,1,0,2,1
2.3,19.05,0,1,1,49,0,0,1,0,2,1
3.4,16.2,0,1,0,39,0,2,1,1,2,0
2.7,16.58,0,1,1,49,0,1,1,0,0,1
3.3,27.56,0,0,1,48,0,4,0,0,1,0
2.3,17.02,0,0,1,30,0,1,0,1,0,0
2.3,23.02,0,1,0,5,0,2,0,0,2,0
0.7,17.36,1,0,0,40,0,4,1,1,0,0
2.6,24.97,0,0,1,29,0,0,0,0,0,1
3.0,17.5,0,0,0,27,0,0,1,0,2,1
3.0,16.68,1,0,1,26,1,0,0,0,1,0
0.6,20.2,1,0,0,36,1,1,0,1,2,0
2.8,24.18,0,1,1,8,0,1,0,0,1,0
3.7,20.56,0,1,0,14,0,4,1,0,1,0
1.3,22.16,1,0,0,54,1,0,0,0,1,0
2.2,21.97,0,0,1,48,1,0,1,0,1,0
0.7,19.55,0,1,0,51,0,2,1,0,2,1
0.3,31.0,0,1,1,9,0,2,0,1,1,0
1.6,31.9,0,1,0,34,0,4,0,0,0,0
0.1,29.03,0,0,0,14,0,0,0,1,1,0
1.2,28.89,1,1,1,30,0,0,1,0,1,0
2.4,17.1,0,1,0,49,0,3,0,0,0,1
1.2,24.16,0,1,0,48,0,3,1,1,2,0
2.0,25.06,0,0,0,17,0,3,1,0,1,1
1.6,24.12,0,1,1,46,0,3,0,0,0,1
0.2,28.3,0,0,1,55,0,0,1,0,0,0
2.7,26.05,0,1,1,5,0,3,1,0,0,0
3.4,31.03,0,1,1,9,1,2,1,1,1,0
2.4,31.6,0,0,0,29,0,0,1,0,1,0
2.0,17.36,1,0,0,7,0,3,0,0,2,0
3.5,20.13,0,1,0,28,0,4,0,1,0,0
0.5,24.91,0,1,1,43,1,0,0,0,0,0
0.7,28.03,0,1,0,51,0,1,0,0,1,0
1.2,25.73,0,0,0,23,1,1,1,0,0,0
2.7,19.05,1,1,1,52,0,3,1,0,2,1
2.4,23.69,1,0,0,47,0,0,1,0,0,1
3.3,19.56,0,0,0,44,0,4,1,1,1,0
2.7,25.15,0,1,0,42,1,4,1,0,2,0
3.8,17.01,0,0,0,38,1,3,0,1,1,0
0.2,19.81,0,0,0,51,0,2,1,0,1,1
0.2,31.83,0,1,0,18,0,4,1,1,1,0
1.4,28.02,1,0,0,20,1,3,0,0,0,0
2.9,18.88,1,0,0,6,0,0,1,1,1,0
3.1,24.09,0,1,1,38,0,2,0,0,1,0
3.3,25.35,0,1,0,40,1,0,1,1,0,0
0.9,18.22,0,0,0,34,0,3,1,0,1,1
0.5,27.53,0,0,1,7,0,3,1,0,1,0
1.7,22.09,0,0,1,30,0,1,1,0,1,1
3.6,16.86,0,0,1,41,1,3,1,0,2,0
3.8,26.46,0,1,0,32,0,0,1,0,0,0
0.8,21.88,0,0,0,20,1,3,1,0,2,0
0.4,16.13,0,0,0,19,1,3,1,1,1,0
1.1,30.61,0,0,1,47,0,0,1,1,0,0
2.3,27.1,0,0,0,11,0,2,1,0,1,0
0.4,30.73,0,0,0,51,0,4,1,1,2,0
0.5,19.6,0,1,1,32,0,3,1,0,1,1
3.5,28.47,0,1,0,9,0,0,0,0,1,0
1.7,26.45,0,0,1,41,0,2,1,0,0,1
3.1,27.56,0,1,0,36,0,2,1,0,1,0
0.6,23.75,1,1,0,43,0,1,0,0,2,1
0.8,24.1,0,0,0,54,0,4,0,0,2,0
1.2,25.97,0,1,0,21,0,3,0,1,0,0
1.5,24.63,1,1,0,14,0,1,1,0,2,0
3.3,27.22,0,1,1,31,1,0,1,0,0,0
4.0,28.45,1,1,1,34,0,2,0,0,2,0
2.6,27.07,0,1,0,30,0,4,1,1,2,0
0.9,28.95,0,1,1,45,0,0,1,0,1,0
1.1,23.63,0,1,0,12,0,1,1,1,2,0
1.9,28.49,0,1,1,20,1,2,1,1,0,0
1.2,26.54,0,0,1,19,0,4,1,1,0,0
1.2,26.84,1,1,1,23,0,1,0,0,0,1
2.9,18.82,0,1,0,39,0,2,0,0,0,1
2.1,28.93,1,0,0,27,0,3,0,0,0,0
0.6,22.98,1,0,1,21,1,2,0,0,0,0
3.5,22.3,0,1,0,30,0,2,0,0,1,0
3.6,18.31,0,1,1,29,0,3,0,1,0,0
1.0,24.04,1,1,1,32,0,2,1,1,2,0
0.2,25.25,0,0,0,40,0,0,1,0,2,1
1.0,17.43,0,1,1,14,0,4,0,0,0,0
1.0,18.94,1,1,0,5,0,1,1,0,0,0
2.3,21.83,1,0,1,8,0,3,0,0,2,0
2.5,18.92,0,1,0,53,0,1,1,0,2,1
0.6,19.66,0,0,1,26,0,1,1,0,0,1
0.5,17.22,0,0,1,11,0,3,0,0,0,0
3.9,22.41,0,1,0,8,1,2,0,0,0,0
0.8,21.25,1,0,0,18,0,4,1,1,1,0
2.8,22.35,0,1,1,46,0,4,0,0,0,0
0.8,23.8,0,1,0,39,1,3,0,0,0,0
2.8,27.65,1,0,0,51,0,4,1,0,0,0
3.8,18.43,1,1,0,44,0,4,1,0,0,0
1.6,18.93,1,0,1,43,0,4,0,0,2,0
3.5,26.82,0,0,0,16,1,4,0,1,1,0
3.6,25.13,0,0,0,18,0,3,0,0,0,0
0.6,18.85,0,0,1,27,0,1,1,1,1,0
3.5,26.03,0,0,1,18,1,0,0,0,0,0
0.5,18.34,1,1,0,25,1,0,0,1,1,0
3.1,19.52,0,1,1,52,0,3,0,0,2,0
2.8,23.88,0,0,1,45,0,4,0,0,1,0
0.7,23.69,0,1,1,27,0,4,0,0,0,0
2.2,21.63,1,1,1,39,0,3,0,1,0,0
2.3,20.51,0,1,1,43,0,4,0,0,0,0
0.8,18.05,0,1,0,33,0,4,1,0,0,0
0.9,21.84,0,0,0,20,0,1,1,0,1,1
2.4,27.49,0,0,0,51,1,2,0,0,1,0
3.4,22.54,0,1,0,39,1,0,0,0,1,0
3.9,23.09,1,0,1,28,0,0,1,0,2,0
0.8,19.34,1,1,0,31,1,0,0,0,0,0
3.5,25.49,0,1,1,44,0,4,0,0,1,0
3.4,23.99,0,0,0,38,0,2,1,0,2,0
1.8,17.01,1,1,0,19,0,3,0,0,0,1
1.5,18.94,0,0,1,9,0,1,1,0,1,0
3.8,27.0,1,0,0,19,0,4,1,0,0,0
2.2,24.03,1,0,1,14,0,2,0,0,2,0
2.7,19.68,0,1,1,41,0,4,0,1,0,0
0.5,19.3,0,1,0,16,1,3,0,1,1,0
3.0,23.23,0,1,0,38,0,3,0,0,1,1
1.7,18.61,0,0,1,45,0,1,1,0,1,1
3.7,28.17,0,1,0,50,0,4,1,0,0,0
2.8,24.17,1,1,0,48,1,4,1,1,1,0
0.8,27.66,0,1,1,26,1,4,0,0,1,0
0.4,25.49,1,0,1,18,0,3,0,0,0,1
1.7,31.81,0,0,0,38,0,3,0,0,0,0
2.3,23.28,0,0,0,39,1,0,0,0,2,0
1.3,24.56,0,0,1,44,0,4,0,0,2,0
3.0,19.66,0,0,0,50,0,3,1,0,2,1
4.0,26.04,1,1,1,19,1,1,1,0,2,0
0.3,24.95,1,1,1,53,0,2,0,0,2,1
3.6,18.24,0,0,0,41,0,4,1,0,1,0
2.9,23.26,1,0,1,53,0,1,1,1,2,0
2.1,22.26,0,0,1,37,0,4,0,0,1,0
1.0,17.82,0,1,1,32,0,4,0,0,1,0
3.6,19.83,1,0,0,50,0,2,1,0,0,0
3.2,17.14,0,0,1,54,0,0,0,0,2,0
3.8,22.78,0,0,0,29,0,0,0,1,2,0
2.0,18.26,0,0,0,6,1,3,1,0,1,0
0.1,26.07,0,0,1,22,0,3,0,0,1,1
3.1,17.12,0,1,0,41,0,3,0,1,0,0
1.7,20.18,0,0,0,42,1,2,1,0,1,0
1.2,23.18,0,1,1,8,0,0,1,0,2,0
3.9,20.17,0,0,1,10,0,4,1,0,1,0
2.8,24.36,1,1,1,40,0,4,1,0,0,0
3.4,29.47,0,0,0,50,0,0,0,0,1,0
0.1,21.63,0,0,1,51,0,4,0,1,0,0
2.6,28.46,0,0,1,21,0,2,1,0,2,0
3.4,22.22,0,1,0,17,0,3,1,0,2,0
3.0,17.94,0,0,0,43,0,0,0,1,2,0
3.5,29.65,0,1,0,43,0,1,1,0,0,0
1.7,21.67,0,1,1,30,0,2,1,0,1,1
3.5,31.72,0,0,0,7,0,1,1,0,0,0
2.5,31.98,0,0,1,46,0,2,1,0,1,0
2.6,29.81,0,1,0,13,0,3,0,0,2,0
3.6,20.29,1,1,1,5,0,4,0,0,0,0
0.3,22.58,0,1,0,43,0,1,0,0,1,1
1.5,19.14,0,1,1,39,0,0,1,0,2,1
0.9,27.58,0,1,1,39,0,1,1,0,2,1
2.1,31.33,0,0,0,20,0,4,1,0,2,0
2.2,16.95,0,0,1,42,1,0,1,0,2,0
2.1,25.24,0,0,1,19,0,2,0,0,1,1
1.5,29.56,0,1,1,49,0,2,1,0,0,0
0.3,31.15,0,1,1,8,0,4,1,0,0,0
1.5,19.76,1,1,1,34,0,2,0,1,2,0
0.4,22.44,0,0,0,9,1,3,1,0,1,0
2.8,26.15,1,0,0,28,0,1,1,0,0,1
2.3,24.51,0,0,1,23,0,0,1,0,0,1
0.1,21.54,0,0,0,52,0,1,1,0,0,1
0.8,31.53,1,1,1,29,1,0,1,0,2,0
1.1,18.39,0,1,1,38,0,3,0,1,0,0
3.3,23.39,0,0,1,28,0,0,0,0,0,0
1.4,31.43,0,1,0,44,0,3,1,1,1,0
3.9,21.04,0,0,0,29,0,0,1,0,1,0
1.6,16.62,0,1,1,42,0,2,0,0,0,1
1.4,30.94,0,1,0,24,1,4,1,0,1,0
0.6,28.97,0,0,1,53,0,3,0,0,1,0
2.2,25.25,0,1,0,13,1,3,1,0,1,0
2.4,24.06,0,0,0,8,0,3,0,0,0,0
2.2,21.25,1,1,0,45,0,2,0,0,0,1
2.2,26.21,0,1,1,38,1,2,0,0,1,0
0.3,31.63,0,0,1,25,1,1,1,0,0,0
1.1,27.31,1,0,0,16,0,0,1,1,0,0
1.8,21.0,0,0,1,49,0,3,1,0,2,1
0.4,30.73,0,1,0,22,0,0,0,0,0,0
1.9,28.99,0,0,0,22,0,1,1,1,1,0
2.6,22.49,0,1,1,38,1,3,0,1,1,0
3.9,21.53,0,1,0,36,1,1,1,0,0,0
1.2,23.13,0,0,1,13,0,4,1,0,2,0
3.3,19.42,0,0,1,18,1,1,0,1,2,0
0.4,31.06,1,1,0,32,0,1,1,0,0,0
2.6,22.64,0,0,0,17,0,1,1,0,1,1
1.6,31.48,0,0,0,35,0,4,1,1,1,0
3.4,18.16,0,1,0,20,0,0,0,1,0,0
3.8,24.53,0,1,1,22,0,0,1,0,1,0
1.8,26.53,0,1,1,6,1,0,0,0,2,0
3.6,31.61,0,1,1,21,0,1,0,0,0,0
3.7,30.41,0,0,1,28,0,4,1,0,2,0
0.3,23.91,1,0,1,12,0,2,0,0,2,0
2.0,30.1,0,0,0,28,0,2,0,0,2,0
2.4,25.96,0,0,0,36,0,3,0,0,0,1
0.7,19.54,0,1,0,31,0,0,0,1,2,0
1.9,23.26,1,0,1,44,0,0,0,0,1,1
3.8,31.12,1,1,1,5,0,2,1,0,1,0
3.4,30.92,0,0,1,14,0,2,1,0,0,0
1.0,18.17,1,0,0,22,0,3,0,0,0,1
1.4,27.29,1,1,0,33,0,3,0,0,0,1
2.0,29.28,1,0,1,13,0,0,1,0,0,0
0.9,24.16,0,0,1,15,0,4,0,0,1,0
3.7,30.86,0,0,1,53,0,2,1,1,1,0
3.9,18.09,1,1,1,54,0,2,1,1,2,0
0.5,22.18,0,1,0,10,0,1,0,0,2,0
3.4,30.93,0,1,0,7,0,3,0,1,0,0
2.6,22.42,0,1,0,42,0,1,0,0,2,1
4.0,28.65,0,0,0,14,0,3,0,0,2,0
0.4,17.36,1,1,1,45,0,4,1,0,1,0
2.5,30.56,0,1,0,22,0,3,1,0,1,0
1.6,30.03,0,1,1,16,1,0,0,0,0,0
1.2,21.23,0,0,1,19,0,0,0,1,2,0
2.3,28.38,0,1,1,44,0,1,1,0,0,0
2.3,28.42,0,1,1,30,0,4,0,0,2,0
1.4,21.98,1,0,0,53,1,2,1,0,0,0
3.5,27.62,0,1,1,11,1,3,1,0,1,0
2.8,24.23,0,1,0,20,0,0,1,0,2,1
1.2,27.26,0,1,0,18,1,3,1,1,2,0
2.2,25.28,0,1,0,24,0,1,1,0,1,1
0.2,20.89,1,1,0,29,0,2,1,0,0,1
2.6,17.81,0,1,0,30,0,3,0,0,1,1
3.5,27.59,0,1,0,48,0,1,0,0,0,0
2.2,23.58,0,1,0,13,1,1,1,0,0,0
0.2,23.15,0,1,1,47,0,4,0,0,0,0
2.1,26.96,0,1,0,18,0,0,0,0,1,1
0.0,22.07,0,1,1,53,0,0,1,0,2,1
0.1,25.81,0,1,0,8,0,1,1,0,2,0
1.3,18.98,0,1,1,47,0,2,0,0,1,1
0.6,25.19,1,1,1,48,0,4,1,0,1,0
3.4,25.29,0,1,0,25,0,1,1,1,0,0
2.8,28.48,0,1,1,32,0,0,0,1,2,0
1.6,20.52,0,1,0,45,0,4,0,1,0,0
2.8,31.38,1,1,1,16,0,4,1,0,2,0
3.5,27.63,0,1,0,45,0,2,0,1,2,0
3.7,29.81,1,1,1,39,0,1,1,0,2,0
0.7,25.68,0,0,0,6,0,0,0,0,1,0
3.4,28.96,0,1,1,45,0,2,0,0,1,0
2.7,27.87,0,1,1,32,0,2,1,1,0,0
2.9,22.04,0,0,0,24,0,4,0,0,1,0
1.0,17.07,0,0,1,23,0,3,1,0,0,1
1.9,26.63,0,0,1,18,0,2,0,0,0,1
3.6,17.28,0,0,0,12,0,4,1,0,2,0
2.6,19.9,0,0,1,13,0,2,1,0,2,0
1.1,27.43,0,1,0,25,0,0,0,1,1,0
1.9,29.33,1,0,1,34,0,3,0,0,2,0
0.1,17.61,0,0,1,18,0,2,1,0,0,1
1.7,30.89,1,0,0,41,0,0,0,0,1,0
2.3,21.8,0,0,1,45,1,3,0,0,0,0
1.2,30.2,0,1,1,55,0,2,1,0,0,0
1.1,25.65,0,1,1,24,0,0,0,1,1,0
2.2,26.65,1,0,0,35,0,1,0,0,2,1
2.1,31.96,0,1,1,10,0,4,1,0,2,0
3.7,16.68,1,1,1,20,1,1,0,0,1,0
0.9,20.09,0,0,1,19,0,3,0,0,1,1
1.9,21.3,0,1,1,22,0,0,1,1,1,0
3.8,21.61,0,1,0,36,0,1,0,0,0,0
3.1,19.46,0,1,1,12,0,0,0,0,1,0
3.3,19.72,0,1,1,26,0,0,0,0,1,0
2.3,29.48,0,1,1,33,0,1,1,0,1,0
0.8,24.83,0,0,0,12,0,2,1,0,1,0
1.4,31.95,0,1,0,20,0,3,1,0,1,0
0.0,28.53,0,0,0,46,0,1,1,1,0,0
0.1,21.14,0,0,0,12,0,0,1,1,0,0
1.2,29.62,0,0,0,34,1,3,0,1,0,0
1.8,29.11,0,1,1,30,0,2,1,0,1,0
3.6,20.7,0,1,1,15,0,0,1,0,0,0
0.4,29.63,1,1,1,18,0,4,1,0,0,0
3.5,23.52,0,1,1,52,1,3,1,0,2,0
1.1,31.74,0,0,1,19,0,0,0,0,2,0
0.9,20.94,1,0,1,52,0,3,0,0,0,1
1.8,20.69,0,1,1,39,0,4,0,0,0,0
0.9,22.44,1,1,1,10,1,2,0,0,2,0
2.4,18.16,0,0,1,30,0,1,1,0,0,1
0.7,18.14,0,1,1,27,0,3,0,0,1,1
1.7,17.56,0,1,0,16,0,1,0,0,2,1
3.4,18.24,0,0,0,24,0,3,0,0,1,0
3.8,19.57,1,0,0,24,1,0,0,0,1,0
1.8,17.12,0,1,1,32,0,0,0,0,2,1
4.0,16.13,0,0,1,54,1,1,1,0,0,0
1.4,26.15,0,0,1,33,1,2,1,1,2,0
0.4,28.79,1,1,0,15,0,0,1,0,1,0
1.9,25.06,1,1,0,43,0,4,0,0,1,0
0.9,16.19,0,0,1,33,1,2,0,0,1,0
1.8,24.27,1,0,0,51,0,3,1,0,1,1
3.4,31.58,0,0,0,38,0,2,0,0,0,0
1.8,21.61,1,0,1,12,0,2,1,0,1,0
3.2,22.56,0,1,0,42,1,0,1,1,1,0
0.2,29.92,1,1,0,21,1,0,0,0,1,0
3.6,31.17,0,1,1,49,1,0,1,0,1,0
2.5,23.62,1,0,0,41,0,0,1,1,1,0
1.5,28.0,0,1,1,35,0,2,1,0,2,1
1.5,25.87,1,1,1,18,1,3,0,0,2,0
1.8,25.61,0,1,0,10,1,4,1,0,0,0
1.7,29.29,0,0,0,25,1,4,1,0,2,0
3.2,31.3,0,0,0,13,0,1,1,1,0,0
0.3,30.44,1,0,1,14,1,3,1,0,2,0
1.3,28.97,1,1,0,14,0,2,1,0,0,0
3.0,20.04,0,1,0,33,0,2,1,0,1,1
3.2,31.16,0,0,0,51,0,2,0,0,2,0
0.6,29.7,1,1,0,32,0,1,1,0,1,0
2.5,25.52,0,1,0,8,0,1,0,0,0,0
3.3,31.72,0,0,1,13,1,0,1,0,2,0
3.3,19.35,0,1,1,41,1,1,0,0,1,0
0.8,17.08,1,0,1,41,0,2,0,0,1,1
1.2,27.99,0,0,0,38,1,1,0,0,2,0
0.5,31.48,1,1,0,39,0,0,0,0,1,0
1.6,29.55,0,0,1,28,1,3,0,0,0,0
1.0,16.43,0,1,1,24,0,4,0,1,1,0
0.4,25.97,1,1,0,9,0,4,1,0,2,0
3.1,24.98,1,1,1,23,1,2,1,0,1,0
3.5,24.24,0,1,0,19,1,0,0,0,1,0
1.4,20.73,0,1,1,51,1,1,1,1,0,0
2.6,27.15,1,1,0,15,1,4,0,0,0,0
2.5,30.65,0,0,0,37,0,0,0,1,0,0
3.1,26.4,1,0,0,53,0,0,1,1,2,0
1.7,26.03,1,1,0,12,0,3,0,0,2,0
2.4,27.52,0,1,0,14,0,3,0,0,2,0
2.4,30.34,0,0,0,12,0,3,1,0,1,0
0.1,22.57,1,0,0,40,0,2,0,0,0,1
1.6,31.3,1,0,1,22,0,4,1,0,2,0
2.4,16.33,0,1,1,13,0,0,0,0,0,0
3.4,25.32,0,1,0,13,0,4,0,1,2,0
2.1,25.58,0,1,1,27,0,3,0,0,0,1
0.2,24.87,0,0,1,37,0,0,1,1,1,0
2.6,23.9,0,1,0,45,0,4,1,0,0,0
3.6,27.41,0,1,0,55,0,3,1,0,2,0
1.2,23.95,1,1,0,50,0,3,1,0,0,1
2.0,26.94,0,1,0,25,1,0,0,0,1,0
1.7,16.46,0,1,1,23,1,2,0,0,0,0
2.0,22.23,0,0,0,11,0,2,1,0,2,0
3.2,25.89,0,1,1,32,1,2,1,0,1,0
0.5,25.71,0,0,1,43,0,0,0,0,2,1
2.2,21.81,1,0,1,34,0,3,1,0,2,1
3.9,22.15,0,0,1,11,0,3,0,0,1,0
3.7,18.69,0,0,0,9,1,0,0,0,0,0
1.0,28.05,0,0,0,20,0,2,1,0,0,0
2.2,30.55,0,1,1,53,0,3,0,0,1,0
1.9,20.28,0,0,1,29,0,4,1,0,2,0
0.7,31.59,0,1,1,6,0,3,0,0,2,0
0.4,21.92,1,1,0,32,0,3,0,0,0,1
0.0,30.89,0,0,1,25,0,0,1,0,0,0
2.4,16.86,0,1,1,30,0,3,0,1,2,0
0.6,25.79,1,0,1,18,1,1,0,0,1,0
3.2,20.17,0,1,0,26,0,1,0,1,0,0
3.8,19.7,1,0,1,17,0,1,0,0,2,0
2.8,16.31,0,0,1,8,0,2,1,1,1,0
2.5,24.31,0,1,0,17,0,1,1,1,0,0
0.1,19.98,0,0,0,47,1,0,1,0,2,0
0.7,26.77,0,0,1,33,0,3,1,0,1,1
1.7,17.68,0,1,0,35,0,1,1,0,2,1
0.6,25.52,0,1,0,17,0,1,1,0,0,1
2.2,20.86,0,0,0,53,1,1,1,0,0,0
3.9,29.53,0,1,0,12,0,4,1,0,0,0
3.3,22.17,0,1,1,13,0,2,0,0,0,0
1.7,17.37,0,0,0,46,0,4,0,0,0,0
3.9,28.92,1,0,0,46,0,2,0,0,1,0
1.2,27.42,0,0,1,38,0,2,0,0,0,1
1.8,18.9,0,0,0,20,0,3,1,1,2,0
1.7,30.57,0,1,0,33,0,1,0,0,1,0
0.3,23.89,0,0,0,46,1,2,0,0,1,0
2.8,19.25,0,0,0,12,0,4,1,0,0,0
0.1,19.79,0,0,0,54,0,2,1,0,0,1
3.5,20.97,0,1,1,34,0,1,0,1,1,0
1.3,21.2,0,0,1,20,0,3,1,0,2,1
0.4,29.72,0,1,0,27,0,4,0,0,1,0
4.0,21.19,0,1,0,25,0,0,1,0,1,0
0.3,23.66,0,1,0,28,0,1,0,1,0,0
3.6,21.6,0,0,0,22,0,1,0,0,1,0
3.2,19.19,0,0,0,30,0,4,0,0,0,0
0.5,24.73,1,1,0,37,0,1,1,0,0,1
